25,PBZ,50,FDA dataset
26,BAL,50,FDA dataset
526,BSS,50,FDA dataset
289,IBU,50,FDA dataset
880,TOBI,40,FDA dataset
1437,IZBA,40,FDA dataset
1153,REBIF,33,FDA dataset
1094,BELIX,33,FDA dataset
1085,LABID,33,FDA dataset
555,MOBIC,33,FDA dataset
259,IBRIN,33,FDA dataset
567,ZYBAN,33,FDA dataset
703,RUBEX,33,FDA dataset
710,AKTOB,33,FDA dataset
208,MOBAN,33,FDA dataset
223,BICNU,33,FDA dataset
1318,BUCET,33,FDA dataset
334,BAROS,33,FDA dataset
1138,BOTOX,33,FDA dataset
537,BIDIL,33,FDA dataset
818,BANAN,33,FDA dataset
898,BEYAZ,33,FDA dataset
306,K-TAB,33,FDA dataset
290,BUMEX,33,FDA dataset
699,AKBETA,29,FDA dataset
95,VELBAN,29,FDA dataset
662,NEBCIN,29,FDA dataset
1181,JUBLIA,29,FDA dataset
1033,CAMBIA,29,FDA dataset
1526,OZOBAX,29,FDA dataset
513,NIMBEX,29,FDA dataset
453,AMBIEN,29,FDA dataset
499,SABRIL,29,FDA dataset
97,LIBRAX,29,FDA dataset
323,BUSPAR,29,FDA dataset
995,TYKERB,29,FDA dataset
1441,SEEBRI,29,FDA dataset
991,ASBRON,29,FDA dataset
423,ZEBETA,29,FDA dataset
1521,NUBEQA,29,FDA dataset
1167,SUBSYS,29,FDA dataset
525,BAYCOL,29,FDA dataset
558,DUONEB,29,FDA dataset
2,PBZ-SR,29,FDA dataset
1129,EDARBI,29,FDA dataset
869,XIBROM,29,FDA dataset
1155,ENBREL,29,FDA dataset
1095,BETA-2,29,FDA dataset
1479,VARUBI,29,FDA dataset
556,ABREVA,29,FDA dataset
897,BELVIQ,29,FDA dataset
874,BYETTA,29,FDA dataset
1078,TYBOST,29,FDA dataset
636,BAMATE,29,FDA dataset
9,DARBID,29,FDA dataset
792,TOBREX,29,FDA dataset
1058,FABIOR,29,FDA dataset
789,LYBREL,29,FDA dataset
593,PLAN B,29,FDA dataset
822,BIAXIN,29,FDA dataset
1364,BIJUVA,29,FDA dataset
933,BACIIM,29,FDA dataset
1307,UROBAK,29,FDA dataset
239,NUBAIN,29,FDA dataset
926,EMBEDA,29,FDA dataset
758,CLOBEX,29,FDA dataset
743,BONIVA,29,FDA dataset
917,BANZEL,29,FDA dataset
236,BRYREL,29,FDA dataset
934,LORTAB,29,FDA dataset
935,KEFTAB,29,FDA dataset
1302,BANCAP,29,FDA dataset
1289,BELDIN,29,FDA dataset
43,BENTYL,29,FDA dataset
766,BEXTRA,29,FDA dataset
725,E-BASE,29,FDA dataset
552,REBETOL,25,FDA dataset
1157,MYOBLOC,25,FDA dataset
539,SUBUTEX,25,FDA dataset
1366,BRIXADI,25,FDA dataset
1477,BEVYXXA,25,FDA dataset
1329,DUOBRII,25,FDA dataset
1371,VIBERZI,25,FDA dataset
557,ACCUNEB,25,FDA dataset
859,BEPREVE,25,FDA dataset
1331,BRYHALI,25,FDA dataset
1480,QBRELIS,25,FDA dataset
1335,BAXDELA,25,FDA dataset
143,BETAPAR,25,FDA dataset
1361,IBSRELA,25,FDA dataset
286,CINOBAC,25,FDA dataset
279,DOLOBID,25,FDA dataset
871,BROMDAY,25,FDA dataset
816,DYNABAC,25,FDA dataset
333,EMBOLEX,25,FDA dataset
134,DROLBAN,25,FDA dataset
1317,THEOBID,25,FDA dataset
1427,CABLIVI,25,FDA dataset
370,BEPADIN,25,FDA dataset
1310,INBRIJA,25,FDA dataset
1432,CHOLBAM,25,FDA dataset
855,ABELCET,25,FDA dataset
396,DECABID,25,FDA dataset
1271,BETA-HC,25,FDA dataset
587,BENICAR,25,FDA dataset
1267,SLO-BID,25,FDA dataset
843,VIIBRYD,25,FDA dataset
1298,TIBSOVO,25,FDA dataset
194,ANCOBON,25,FDA dataset
1365,BAQSIMI,25,FDA dataset
1301,BUTALAN,25,FDA dataset
219,BACTRIM,25,FDA dataset
187,BENDOPA,25,FDA dataset
381,BETAGAN,25,FDA dataset
186,DIABETA,25,FDA dataset
1443,UTIBRON,25,FDA dataset
1445,BELBUCA,25,FDA dataset
1231,SYNRIBO,25,FDA dataset
1229,BETHKIS,25,FDA dataset
488,ALBENZA,25,FDA dataset
1304,BONTRIL,25,FDA dataset
501,BETIMOL,25,FDA dataset
502,CEREBYX,25,FDA dataset
1189,TYSABRI,25,FDA dataset
1418,ZIRABEV,25,FDA dataset
1416,LIBTAYO,25,FDA dataset
1464,QBREXZA,25,FDA dataset
1186,ERBITUX,25,FDA dataset
520,BETAINE,25,FDA dataset
311,AEROBID,25,FDA dataset
1282,DIBENIL,25,FDA dataset
61,ROBAXIN,25,FDA dataset
1533,ZERBAXA,25,FDA dataset
771,BACI-RX,25,FDA dataset
918,BROVANA,25,FDA dataset
1527,BENDEKA,25,FDA dataset
1016,DORIBAX,25,FDA dataset
922,MOZOBIL,25,FDA dataset
960,NATROBA,25,FDA dataset
81,LIBRIUM,25,FDA dataset
1009,ERY-TAB,25,FDA dataset
1572,KYBELLA,25,FDA dataset
694,CEFOBID,25,FDA dataset
30,BENYLIN,25,FDA dataset
698,IBUPRIN,25,FDA dataset
994,ALTABAX,25,FDA dataset
760,BUTRANS,25,FDA dataset
705,IBU-TAB,25,FDA dataset
845,ZIBA-RX,25,FDA dataset
66,AMBENYL,25,FDA dataset
753,SYMBYAX,25,FDA dataset
986,KLEBCIL,25,FDA dataset
1542,IBRANCE,25,FDA dataset
750,ENABLEX,25,FDA dataset
810,ORABLOC,25,FDA dataset
741,ABILIFY,25,FDA dataset
60,PMB 200,25,FDA dataset
58,PMB 400,25,FDA dataset
1560,ZUBSOLV,25,FDA dataset
966,LORABID,25,FDA dataset
728,CUBICIN,25,FDA dataset
844,ROBITET,25,FDA dataset
1548,ORKAMBI,25,FDA dataset
772,VANOBID,25,FDA dataset
959,VIBATIV,25,FDA dataset
1522,INREBIC,25,FDA dataset
1583,OBREDON,25,FDA dataset
1097,BINOSTO,25,FDA dataset
1100,SCABENE,25,FDA dataset
1091,BOSULIF,25,FDA dataset
1090,AMABELZ,25,FDA dataset
624,ALBALON,25,FDA dataset
1114,BEKYREE,25,FDA dataset
1585,RAPIVAB,25,FDA dataset
1069,TRESIBA,25,FDA dataset
123,BENEMID,25,FDA dataset
885,ABSTRAL,25,FDA dataset
790,EXUBERA,25,FDA dataset
1508,RUBRACA,25,FDA dataset
899,ESBRIET,25,FDA dataset
777,BRIDION,25,FDA dataset
100,ROBINUL,25,FDA dataset
597,BETAXON,25,FDA dataset
903,ABLAVAR,25,FDA dataset
1122,BUTAPAP,25,FDA dataset
1118,AUBAGIO,25,FDA dataset
948,DERMABET,22,FDA dataset
879,AMBISOME,22,FDA dataset
802,BRILINTA,22,FDA dataset
878,TOBRADEX,22,FDA dataset
366,BETATREX,22,FDA dataset
1315,OBY-TRIM,22,FDA dataset
1316,BILIVIST,22,FDA dataset
1378,AVELUMAB,22,FDA dataset
732,ZORBTIVE,22,FDA dataset
1377,BAVENCIO,22,FDA dataset
740,CYMBALTA,22,FDA dataset
1309,PROBEN-C,22,FDA dataset
739,CHOLYBAR,22,FDA dataset
361,TAMBOCOR,22,FDA dataset
363,BETADERM,22,FDA dataset
341,BETA-VAL,22,FDA dataset
318,NABILONE,22,FDA dataset
1356,ALUNBRIG,22,FDA dataset
327,HEXABRIX,22,FDA dataset
1346,ZINBRYTA,22,FDA dataset
1363,TIVORBEX,22,FDA dataset
765,ABARELIX,22,FDA dataset
1343,PRAXBIND,22,FDA dataset
340,BETADINE,22,FDA dataset
1341,RYBELSUS,22,FDA dataset
1321,BRIELLYN,22,FDA dataset
295,PROBUCOL,22,FDA dataset
1370,BROMSITE,22,FDA dataset
1373,BESPONSA,22,FDA dataset
759,IBUPROHM,22,FDA dataset
1327,LORBRENA,22,FDA dataset
1324,CURRETAB,22,FDA dataset
307,HIBISTAT,22,FDA dataset
927,BYSTOLIC,22,FDA dataset
336,BECONASE,22,FDA dataset
588,BRAVELLE,22,FDA dataset
962,FIBRICOR,22,FDA dataset
1209,BENLYSTA,22,FDA dataset
1200,KALBITOR,22,FDA dataset
679,COMBUNOX,22,FDA dataset
504,ACARBOSE,22,FDA dataset
1192,VECTIBIX,22,FDA dataset
678,EMBELINE,22,FDA dataset
1024,ABSORICA,22,FDA dataset
518,BUPHENYL,22,FDA dataset
1037,BICILLIN,22,FDA dataset
1044,DOMEBORO,22,FDA dataset
657,BLEPH-30,22,FDA dataset
656,BLEPH-10,22,FDA dataset
1168,ISIBLOOM,22,FDA dataset
1059,ZELBORAF,22,FDA dataset
646,ESTRATAB,22,FDA dataset
540,SUBOXONE,22,FDA dataset
543,COMBIVIR,22,FDA dataset
1062,PROCYSBI,22,FDA dataset
1074,AXITINIB,22,FDA dataset
1080,STRIBILD,22,FDA dataset
621,CARBILEV,22,FDA dataset
560,BUSULFEX,22,FDA dataset
1101,BOROFAIR,22,FDA dataset
573,CELEBREX,22,FDA dataset
580,COMBIGAN,22,FDA dataset
1131,APIXABAN,22,FDA dataset
1012,COBAVITE,22,FDA dataset
479,GABITRIL,22,FDA dataset
386,BETOPTIC,22,FDA dataset
470,HABITROL,22,FDA dataset
1294,BUTABARB,22,FDA dataset
1293,STATOBEX,22,FDA dataset
969,BYDUREON,22,FDA dataset
1287,BUTICAPS,22,FDA dataset
719,DISOBROM,22,FDA dataset
1286,BONJESTA,22,FDA dataset
1284,BROMANYL,22,FDA dataset
403,RBC-SCAN,22,FDA dataset
589,BOSENTAN,22,FDA dataset
808,GABLOFEN,22,FDA dataset
405,MACROBID,22,FDA dataset
975,NEMBUTAL,22,FDA dataset
1268,GLOPERBA,22,FDA dataset
987,PROBALAN,22,FDA dataset
990,FORBAXIN,22,FDA dataset
1249,LERIBANE,22,FDA dataset
432,FELBATOL,22,FDA dataset
1242,BLINCYTO,22,FDA dataset
436,NASCOBAL,22,FDA dataset
446,BIOSCRUB,22,FDA dataset
449,BETAPACE,22,FDA dataset
451,NEBUPENT,22,FDA dataset
1003,TROBICIN,22,FDA dataset
1006,VIBISONE,22,FDA dataset
1227,CLOBAZAM,22,FDA dataset
280,BSS PLUS,22,FDA dataset
841,CARBAGLU,22,FDA dataset
70,TALBUTAL,22,FDA dataset
1539,OLAPARIB,22,FDA dataset
1390,BASAGLAR,22,FDA dataset
118,BANTHINE,22,FDA dataset
10,RUBIVITE,22,FDA dataset
69,BUSULFAN,22,FDA dataset
1581,CRESEMBA,22,FDA dataset
175,BRICANYL,22,FDA dataset
213,HEMABATE,22,FDA dataset
38,BENOQUIN,22,FDA dataset
37,TEEBACIN,22,FDA dataset
1537,DUTREBIS,22,FDA dataset
1462,BRIVIACT,22,FDA dataset
1408,HEMLIBRA,22,FDA dataset
254,BRETHINE,22,FDA dataset
1530,BUNAVAIL,22,FDA dataset
169,SORBITOL,22,FDA dataset
1578,PARSABIV,22,FDA dataset
1519,BALVERSA,22,FDA dataset
242,DOBUTREX,22,FDA dataset
255,BACLOFEN,22,FDA dataset
241,LITHOBID,22,FDA dataset
1380,BRINEURA,22,FDA dataset
1436,BELSOMRA,22,FDA dataset
1484,BRAFTOVI,22,FDA dataset
1554,BYVALSON,22,FDA dataset
276,BUPRENEX,22,FDA dataset
1594,BELRAPZO,22,FDA dataset
209,BRETYLOL,22,FDA dataset
1551,BELEODAQ,22,FDA dataset
1489,ROXYBOND,22,FDA dataset
24,BENADRYL,22,FDA dataset
1487,VABOMERE,22,FDA dataset
1573,ORBACTIV,22,FDA dataset
868,ABRAXANE,22,FDA dataset
1448,BIKTARVY,22,FDA dataset
198,SULFABID,22,FDA dataset
1561,GLYXAMBI,22,FDA dataset
125,AMBODRYL,22,FDA dataset
122,ANTABUSE,22,FDA dataset
849,OTOBIONE,22,FDA dataset
811,RYBIX ODT,20,FDA dataset
1001,ALBAMYCIN,20,FDA dataset
1013,DASATINIB,20,FDA dataset
1010,OTOBIOTIC,20,FDA dataset
181,COMBIPRES,20,FDA dataset
1008,BRISTAGEN,20,FDA dataset
180,GLYBURIDE,20,FDA dataset
1005,BEEPEN-VK,20,FDA dataset
876,SYMBICORT,20,FDA dataset
188,LIMBITROL,20,FDA dataset
697,CARBASTAT,20,FDA dataset
1238,NIVOLUMAB,20,FDA dataset
820,RIFABUTIN,20,FDA dataset
437,CHIBROXIN,20,FDA dataset
83,ROBAXISAL,20,FDA dataset
192,CARBACHOL,20,FDA dataset
193,LITHOTABS,20,FDA dataset
1538,BELVIQ XR,20,FDA dataset
426,BERACTANT,20,FDA dataset
821,BIAXIN XL,20,FDA dataset
1265,BRONKODYL,20,FDA dataset
1544,ALPELISIB,20,FDA dataset
1274,ACCURBRON,20,FDA dataset
1279,BANCAP HC,20,FDA dataset
468,COMBIVENT,20,FDA dataset
494,NAVELBINE,20,FDA dataset
86,BRONKOSOL,20,FDA dataset
1130,RUBY-FILL,20,FDA dataset
109,BETAPRONE,20,FDA dataset
534,CARBATROL,20,FDA dataset
112,ATHROMBIN,20,FDA dataset
1164,FABRAZYME,20,FDA dataset
116,DURABOLIN,20,FDA dataset
617,EZETIMIBE,20,FDA dataset
1108,QUIBRON-T,20,FDA dataset
1500,IBRUTINIB,20,FDA dataset
1499,IMBRUVICA,20,FDA dataset
1023,BLENOXANE,20,FDA dataset
1149,RITUXIMAB,20,FDA dataset
574,CELECOXIB,20,FDA dataset
1144,ABCIXIMAB,20,FDA dataset
1142,BETASERON,20,FDA dataset
591,ROFECOXIB,20,FDA dataset
1495,CABOMETYX,20,FDA dataset
582,GEFITINIB,20,FDA dataset
1493,SORAFENIB,20,FDA dataset
1177,MYRBETRIQ,20,FDA dataset
161,MYAMBUTOL,20,FDA dataset
108,DIABINESE,20,FDA dataset
1187,CETUXIMAB,20,FDA dataset
1525,SUBLOCADE,20,FDA dataset
1210,BELIMUMAB,20,FDA dataset
1457,BRISDELLE,20,FDA dataset
1205,DENOSUMAB,20,FDA dataset
667,BACTOCILL,20,FDA dataset
1048,BETALIN S,20,FDA dataset
1202,GOLIMUMAB,20,FDA dataset
174,IBUPROFEN,20,FDA dataset
1056,LAPATINIB,20,FDA dataset
173,E-Z SCRUB,20,FDA dataset
171,MAXIBOLIN,20,FDA dataset
819,MYCOBUTIN,20,FDA dataset
170,BILOPAQUE,20,FDA dataset
1191,ABATACEPT,20,FDA dataset
510,IVY BLOCK,20,FDA dataset
512,PROCANBID,20,FDA dataset
645,DELCOBESE,20,FDA dataset
1288,LIBRITABS,20,FDA dataset
433,FELBAMATE,20,FDA dataset
1136,TRIBENZOR,20,FDA dataset
863,NEOBIOTIC,20,FDA dataset
1339,RECARBRIO,20,FDA dataset
823,BACTROBAN,20,FDA dataset
888,BACIGUENT,20,FDA dataset
889,PENBRITIN,20,FDA dataset
1563,SIMBRINZA,20,FDA dataset
263,ALBUTEROL,20,FDA dataset
376,MOTRIN IB,20,FDA dataset
920,BESIVANCE,20,FDA dataset
1336,BALCOLTRA,20,FDA dataset
936,TOBRASONE,20,FDA dataset
231,HIBICLENS,20,FDA dataset
1392,ABLYSINOL,20,FDA dataset
1353,SARILUMAB,20,FDA dataset
365,RIBAVIRIN,20,FDA dataset
20,STILBETIN,20,FDA dataset
33,BERUBIGEN,20,FDA dataset
238,BLOCADREN,20,FDA dataset
312,HEXASCRUB,20,FDA dataset
1567,PREZCOBIX,20,FDA dataset
245,CARBIDOPA,20,FDA dataset
930,EZOGABINE,20,FDA dataset
949,AMBIEN CR,20,FDA dataset
346,BREVIBLOC,20,FDA dataset
384,CHG SCRUB,20,FDA dataset
881,BENZACLIN,20,FDA dataset
1300,CERITINIB,20,FDA dataset
951,BARACLUDE,20,FDA dataset
330,BRETHAIRE,20,FDA dataset
770,ESTRASORB,20,FDA dataset
288,BECLOVENT,20,FDA dataset
339,NITRO-BID,20,FDA dataset
1297,DUVELISIB,20,FDA dataset
1383,DUPILUMAB,20,FDA dataset
329,CALCIBIND,20,FDA dataset
5,BENDECTIN,20,FDA dataset
1574,BLOXIVERZ,20,FDA dataset
774,ROBIMYCIN,20,FDA dataset
1197,ECULIZUMAB,18,FDA dataset
1079,COBICISTAT,18,FDA dataset
1057,GADOBUTROL,18,FDA dataset
1178,MIRABEGRON,18,FDA dataset
1399,DURVALUMAB,18,FDA dataset
1354,OLARATUMAB,18,FDA dataset
322,BILTRICIDE,18,FDA dataset
641,BALZIVA-28,18,FDA dataset
1185,ADALIMUMAB,18,FDA dataset
1075,EDARBYCLOR,18,FDA dataset
648,BENZEDRINE,18,FDA dataset
317,DRONABINOL,18,FDA dataset
813,LANABIOTIC,18,FDA dataset
17,BENSULFOID,18,FDA dataset
1061,VISMODEGIB,18,FDA dataset
500,VIGABATRIN,18,FDA dataset
1347,DACLIZUMAB,18,FDA dataset
1348,BRODALUMAB,18,FDA dataset
906,NELARABINE,18,FDA dataset
1349,RESLIZUMAB,18,FDA dataset
781,TAB-PROFEN,18,FDA dataset
1351,ELOTUZUMAB,18,FDA dataset
160,PIPOBROMAN,18,FDA dataset
156,CLOFIBRATE,18,FDA dataset
527,IRBESARTAN,18,FDA dataset
799,BENZAMYCIN,18,FDA dataset
1481,SOFOSBUVIR,18,FDA dataset
1152,INFLIXIMAB,18,FDA dataset
1368,PROBUPHINE,18,FDA dataset
127,EVANS BLUE,18,FDA dataset
797,SPECTROBID,18,FDA dataset
1134,BOCEPREVIR,18,FDA dataset
594,BEXAROTENE,18,FDA dataset
129,SORBITRATE,18,FDA dataset
1367,TAVABOROLE,18,FDA dataset
1135,CRIZOTINIB,18,FDA dataset
575,EPIVIR-HBV,18,FDA dataset
291,BUMETANIDE,18,FDA dataset
882,VISIONBLUE,18,FDA dataset
287,MDP-BRACCO,18,FDA dataset
133,CYTARABINE,18,FDA dataset
282,CIBACALCIN,18,FDA dataset
599,THYRO-TABS,18,FDA dataset
1386,GUSELKUMAB,18,FDA dataset
314,WELLBUTRIN,18,FDA dataset
545,COMBIPATCH,18,FDA dataset
786,FEBUXOSTAT,18,FDA dataset
1084,BROMFED-DM,18,FDA dataset
1169,EMBELINE E,18,FDA dataset
1470,PROVAYBLUE,18,FDA dataset
791,VIBRA-TABS,18,FDA dataset
1163,OMALIZUMAB,18,FDA dataset
1357,BRIGATINIB,18,FDA dataset
893,BETAPEN-VK,18,FDA dataset
124,PROBENECID,18,FDA dataset
547,ARGATROBAN,18,FDA dataset
548,VALRUBICIN,18,FDA dataset
1096,OBESTIN-30,18,FDA dataset
614,RIBASPHERE,18,FDA dataset
613,BALZIVA-21,18,FDA dataset
1506,IVABRADINE,18,FDA dataset
1478,BETRIXABAN,18,FDA dataset
1201,BELATACEPT,18,FDA dataset
952,VIDARABINE,18,FDA dataset
1050,BETALIN 12,18,FDA dataset
461,GABAPENTIN,18,FDA dataset
458,CLADRIBINE,18,FDA dataset
711,TOBRAMYCIN,18,FDA dataset
967,LORACARBEF,18,FDA dataset
1328,LORLATINIB,18,FDA dataset
1275,AEROSEB-HC,18,FDA dataset
693,BRIAN CARE,18,FDA dataset
950,DECITABINE,18,FDA dataset
696,NALBUPHINE,18,FDA dataset
447,BETOPTIC S,18,FDA dataset
1235,IXEKIZUMAB,18,FDA dataset
1236,EVOLOCUMAB,18,FDA dataset
218,MEBUTAMATE,18,FDA dataset
220,BACTRIM DS,18,FDA dataset
237,LIBRELEASE,18,FDA dataset
99,BLEPHAMIDE,18,FDA dataset
1269,BROMPHERIL,18,FDA dataset
439,BIO-TROPIN,18,FDA dataset
971,STATOBEX-G,18,FDA dataset
1409,EMICIZUMAB,18,FDA dataset
1305,BALNEOL-HC,18,FDA dataset
419,HUMULIN BR,18,FDA dataset
1244,ALIROCUMAB,18,FDA dataset
742,PREGABALIN,18,FDA dataset
712,CERUBIDINE,18,FDA dataset
1251,KAITLIB FE,18,FDA dataset
460,BUDESONIDE,18,FDA dataset
1280,ABITREXATE,18,FDA dataset
1434,IDELALISIB,18,FDA dataset
87,COLBENEMID,18,FDA dataset
957,VANDETANIB,18,FDA dataset
733,BORTEZOMIB,18,FDA dataset
661,BACITRACIN,18,FDA dataset
394,NABUMETONE,18,FDA dataset
1206,OFATUMUMAB,18,FDA dataset
729,CUBICIN RF,18,FDA dataset
768,OXYBUTYNIN,18,FDA dataset
767,VALDECOXIB,18,FDA dataset
1211,IPILIMUMAB,18,FDA dataset
462,TAGAMET HB,18,FDA dataset
1299,IVOSIDENIB,18,FDA dataset
216,CHOLEBRINE,18,FDA dataset
56,BUCLADIN-S,18,FDA dataset
856,VIBRAMYCIN,18,FDA dataset
82,CARBOCAINE,18,FDA dataset
1221,SILTUXIMAB,18,FDA dataset
27,BEROCCA PN,18,FDA dataset
1214,PERTUZUMAB,18,FDA dataset
196,ISOSORBIDE,18,FDA dataset
473,PERFLUBRON,18,FDA dataset
1552,BELINOSTAT,18,FDA dataset
247,CHROMALBIN,18,FDA dataset
958,RIVAROXABAN,17,FDA dataset
973,ORABASE HCA,17,FDA dataset
601,BETAPACE AF,17,FDA dataset
977,AEROSEB-DEX,17,FDA dataset
7,TOLBUTAMIDE,17,FDA dataset
883,CLOFARABINE,17,FDA dataset
48,DIBENZYLINE,17,FDA dataset
1115,CABAZITAXEL,17,FDA dataset
1543,PALBOCICLIB,17,FDA dataset
73,MEPROBAMATE,17,FDA dataset
63,ROBAXIN-750,17,FDA dataset
42,METHARBITAL,17,FDA dataset
19,STILBESTROL,17,FDA dataset
1520,ERDAFITINIB,17,FDA dataset
1576,CRISABOROLE,17,FDA dataset
650,AFEDITAB CR,17,FDA dataset
1034,PENBRITIN-S,17,FDA dataset
1032,TELBIVUDINE,17,FDA dataset
1060,VEMURAFENIB,17,FDA dataset
103,BENZONATATE,17,FDA dataset
85,BRONKOMETER,17,FDA dataset
1014,AMBRISENTAN,17,FDA dataset
840,KARBINAL ER,17,FDA dataset
1077,REGORAFENIB,17,FDA dataset
757,BENICAR HCT,17,FDA dataset
34,RUBRAMIN PC,17,FDA dataset
998,GEMCITABINE,17,FDA dataset
997,IXABEPILONE,17,FDA dataset
847,PROBAMPACIN,17,FDA dataset
1087,MARQIBO KIT,17,FDA dataset
1582,KITABIS PAK,17,FDA dataset
113,ATHROMBIN-K,17,FDA dataset
1510,BRIMONIDINE,17,FDA dataset
896,FLIBANSERIN,17,FDA dataset
39,MONOBENZONE,17,FDA dataset
704,IBU-TAB 200,17,FDA dataset
1492,ELTROMBOPAG,17,FDA dataset
940,TOBRADEX ST,17,FDA dataset
40,BUTAZOLIDIN,17,FDA dataset
1577,BREXANOLONE,17,FDA dataset
278,GEMFIBROZIL,17,FDA dataset
586,BIMATOPROST,17,FDA dataset
1237,MEPOLIZUMAB,17,FDA dataset
852,TRYPAN BLUE,17,FDA dataset
1190,NATALIZUMAB,17,FDA dataset
1442,BARICITINIB,17,FDA dataset
1188,BEVACIZUMAB,17,FDA dataset
450,CARBOPLATIN,17,FDA dataset
1234,DINUTUXIMAB,17,FDA dataset
1241,NECITUMUMAB,17,FDA dataset
390,FENOFIBRATE,17,FDA dataset
1465,CANNABIDIOL,17,FDA dataset
435,ZALCITABINE,17,FDA dataset
1438,ABEMACICLIB,17,FDA dataset
1252,CARFILZOMIB,17,FDA dataset
1266,BONTRIL PDM,17,FDA dataset
1285,DACOMITINIB,17,FDA dataset
511,BENTOQUATAM,17,FDA dataset
452,SINE-AID IB,17,FDA dataset
1193,PANITUMUMAB,17,FDA dataset
1194,RANIBIZUMAB,17,FDA dataset
1223,SECUKINUMAB,17,FDA dataset
1198,USTEKINUMAB,17,FDA dataset
1199,TOCILIZUMAB,17,FDA dataset
1219,RAMUCIRUMAB,17,FDA dataset
1451,TRABECTEDIN,17,FDA dataset
1218,VEDOLIZUMAB,17,FDA dataset
489,ALBENDAZOLE,17,FDA dataset
487,CABERGOLINE,17,FDA dataset
1217,ALBIGLUTIDE,17,FDA dataset
1212,AFLIBERCEPT,17,FDA dataset
1204,CANAKINUMAB,17,FDA dataset
177,MEBENDAZOLE,17,FDA dataset
1207,RAXIBACUMAB,17,FDA dataset
857,BRISTAMYCIN,17,FDA dataset
158,ROBENGATOPE,17,FDA dataset
542,TERBINAFINE,17,FDA dataset
308,THYRO-BLOCK,17,FDA dataset
1352,DARATUMUMAB,17,FDA dataset
1360,TOFACITINIB,17,FDA dataset
268,DACARBAZINE,17,FDA dataset
224,PHISO-SCRUB,17,FDA dataset
1159,RASBURICASE,17,FDA dataset
273,SOYBEAN OIL,17,FDA dataset
1338,ENTRECTINIB,17,FDA dataset
1154,TRASTUZUMAB,17,FDA dataset
1160,ALEMTUZUMAB,17,FDA dataset
1151,PALIVIZUMAB,17,FDA dataset
349,BECONASE AQ,17,FDA dataset
1333,THEOBID JR.,17,FDA dataset
1150,BASILIXIMAB,17,FDA dataset
546,BIVALIRUDIN,17,FDA dataset
1148,BECAPLERMIN,17,FDA dataset
1485,ENCORAFENIB,17,FDA dataset
1486,BINIMETINIB,17,FDA dataset
815,BUPIVACAINE,17,FDA dataset
1381,OCRELIZUMAB,17,FDA dataset
313,BENTIROMIDE,17,FDA dataset
6,CHLORAMBUCIL,15,FDA dataset
1375,BEZLOTOXUMAB,15,FDA dataset
1220,OBINUTUZUMAB,15,FDA dataset
3,HYDELTRA-TBA,15,FDA dataset
331,FLURBIPROFEN,15,FDA dataset
913,LUBIPROSTONE,15,FDA dataset
1350,ATEZOLIZUMAB,15,FDA dataset
1400,BENRALIZUMAB,15,FDA dataset
1344,IDARUCIZUMAB,15,FDA dataset
1532,UPADACITINIB,15,FDA dataset
1439,WIXELA INHUB,15,FDA dataset
1243,BLINATUMOMAB,15,FDA dataset
1332,BROMANATE DM,15,FDA dataset
1308,BUTABARBITAL,15,FDA dataset
970,BYDUREON PEN,15,FDA dataset
1273,QUIBRON-T/SR,15,FDA dataset
1277,BENZNIDAZOLE,15,FDA dataset
485,BRINZOLAMIDE,15,FDA dataset
1565,BREO ELLIPTA,15,FDA dataset
50,PRO-BANTHINE,15,FDA dataset
92,BENZTHIAZIDE,15,FDA dataset
189,LIMBITROL DS,15,FDA dataset
1502,BENDAMUSTINE,15,FDA dataset
1463,BRIVARACETAM,15,FDA dataset
149,RUBRATOPE-57,15,FDA dataset
507,BICALUTAMIDE,15,FDA dataset
1049,HEXA-BETALIN,15,FDA dataset
549,CAPECITABINE,15,FDA dataset
142,8-HOUR BAYER,15,FDA dataset
1038,BICILLIN L-A,15,FDA dataset
851,MEMBRANEBLUE,15,FDA dataset
536,EPTIFIBATIDE,15,FDA dataset
590,VELOSULIN BR,15,FDA dataset
1039,BICILLIN C-R,15,FDA dataset
153,RUBRATOPE-60,15,FDA dataset
632,BALANCED SALT,14,FDA dataset
976,PENTOBARBITAL,14,FDA dataset
618,EMTRICITABINE,14,FDA dataset
775,BRISTACYCLINE,14,FDA dataset
529,OXCARBAZEPINE,14,FDA dataset
117,ISOCARBOXAZID,14,FDA dataset
1263,LUSUTROMBOPAG,14,FDA dataset
1082,BLISOVI 24 FE,14,FDA dataset
1170,TOBI PODHALER,14,FDA dataset
62,METHOCARBAMOL,14,FDA dataset
383,E-Z SCRUB 201,14,FDA dataset
411,E-Z SCRUB 241,14,FDA dataset
1109,KOMBIGLYZE XR,14,FDA dataset
1433,MORPHABOND ER,14,FDA dataset
16,THYROGLOBULIN,14,FDA dataset
155,THIABENDAZOLE,14,FDA dataset
319,BRANCHAMIN 4%,14,FDA dataset
1553,MIBELAS 24 FE,14,FDA dataset
911,TETRABENAZINE,14,FDA dataset
164,CARBAMAZEPINE,14,FDA dataset
1529,ABALOPARATIDE,14,FDA dataset
392,PREDNICARBATE,14,FDA dataset
476,BETOPTIC PILO,14,FDA dataset
491,WELLBUTRIN SR,14,FDA dataset
1224,OBILTOXAXIMAB,14,FDA dataset
270,BETA CAROTENE,14,FDA dataset
1450,ACALABRUTINIB,14,FDA dataset
1507,ASCORBIC ACID,14,FDA dataset
144,BRONKAID MIST,14,FDA dataset
1106,LO-BLISOVI FE,14,FDA dataset
1233,PEMBROLIZUMAB,14,FDA dataset
1570,BREXPIPRAZOLE,14,FDA dataset
101,ROBINUL FORTE,14,FDA dataset
1518,VARIBAR HONEY,14,FDA dataset
752,WELLBUTRIN XL,14,FDA dataset
761,BUPRENORPHINE,14,FDA dataset
812,BARSTATIN 100,14,FDA dataset
1065,FALLBACK SOLO,14,FDA dataset
550,ALBUMIN HUMAN,14,FDA dataset
94,BETAMETHASONE,14,FDA dataset
157,BRONITIN MIST,14,FDA dataset
1406,ERENUMAB-AOOE,14,FDA dataset
1398,BUROSUMAB-TWZA,13,FDA dataset
1421,RITUXIMAB-PVVR,13,FDA dataset
858,POLYCILLIN-PRB,13,FDA dataset
1471,METHYLENE BLUE,13,FDA dataset
607,REMERON SOLTAB,13,FDA dataset
41,PHENYLBUTAZONE,13,FDA dataset
1411,RITUXIMAB-ABBS,13,FDA dataset
1312,BYDUREON BCISE,13,FDA dataset
1323,CARBON DIOXIDE,13,FDA dataset
666,AMPHOTERICIN B,13,FDA dataset
1516,VARIBAR NECTAR,13,FDA dataset
1394,BARIUM SULFATE,13,FDA dataset
77,BIPHETAMINE 20,13,FDA dataset
559,TAGAMET HB 200,13,FDA dataset
605,SODIUM OXYBATE,13,FDA dataset
1203,TBO-FILGRASTIM,13,FDA dataset
309,ISOSULFAN BLUE,13,FDA dataset
11,CYANOCOBALAMIN,13,FDA dataset
14,BUTISOL SODIUM,13,FDA dataset
454,BRONCHO SALINE,13,FDA dataset
197,HALDOL SOLUTAB,13,FDA dataset
1030,BENZYL ALCOHOL,13,FDA dataset
199,DECA-DURABOLIN,13,FDA dataset
628,COL-PROBENECID,13,FDA dataset
1139,BOTOX COSMETIC,13,FDA dataset
266,BREVICON 21-DAY,12,FDA dataset
1382,INFLIXIMAB-ABDA,12,FDA dataset
569,ABACAVIR SULFATE,12,FDA dataset
1482,FLORBETABEN F-18,12,FDA dataset
1402,INFLIXIMAB-QBTX,12,FDA dataset
1384,ADALIMUMAB-ADBM,12,FDA dataset
1385,ADALIMUMAB-BWWD,12,FDA dataset
1401,ADALIMUMAB-ADAZ,12,FDA dataset
912,IBUPROFEN LYSINE,12,FDA dataset
1345,BEVACIZUMAB-AWWB,12,FDA dataset
1387,ROMOSOZUMAB-AQQG,12,FDA dataset
1393,OBETICHOLIC ACID,12,FDA dataset
147,RUBRATOPE-57 KIT,12,FDA dataset
916,NORMOCARB HF 35,12,FDA dataset
870,BROMFENAC SODIUM,12,FDA dataset
914,NORMOCARB HF 25,12,FDA dataset
1342,ADALIMUMAB-ATTO,12,FDA dataset
1396,IBALIZUMAB-UIYK,12,FDA dataset
151,RUBRATOPE-60 KIT,12,FDA dataset
1403,TRASTUZUMAB-ANNS,12,FDA dataset
1420,TRASTUZUMAB-DTTB,12,FDA dataset
344,AMINOSYN-HBC 7%,12,FDA dataset
1540,ALTAFLUOR BENOX,12,FDA dataset
1245,SEBELIPASE ALFA,12,FDA dataset
1183,INGENOL MEBUTATE,12,FDA dataset
107,BREVITAL SODIUM,12,FDA dataset
1239,INFLIXIMAB-DYYB,12,FDA dataset
846,BACITRACIN ZINC,12,FDA dataset
1137,FLORBETAPIR F-18,12,FDA dataset
78,BIPHETAMINE 12.5,12,FDA dataset
1228,IBUPROFEN SODIUM,12,FDA dataset
79,BIPHETAMINE 7.5,12,FDA dataset
1528,TRICLABENDAZOLE,12,FDA dataset
1458,DEXILANT SOLUTAB,12,FDA dataset
1047,PLAN B ONE-STEP,12,FDA dataset
1020,SUNITINIB MALATE,12,FDA dataset
1215,ZIV-AFLIBERCEPT,12,FDA dataset
1045,BENZYL BENZOATE,12,FDA dataset
93,OXYPHENBUTAZONE,12,FDA dataset
668,NEMBUTAL SODIUM,12,FDA dataset
988,HYDROXOCOBALAMIN,12,FDA dataset
1259,BLISOVI FE 1/20,12,FDA dataset
1337,DEUTETRABENAZINE,12,FDA dataset
1515,IXAZOMIB CITRATE,12,FDA dataset
1404,TRASTUZUMAB-DKST,12,FDA dataset
32,METUBINE IODIDE,12,FDA dataset
754,PREVANTICS SWAB,12,FDA dataset
1407,TRASTUZUMAB-QYYP,12,FDA dataset
1414,TRASTUZUMAB-PKRB,12,FDA dataset
229,BREVICON 28-DAY,12,FDA dataset
1415,CENEGERMIN-BKBJ,12,FDA dataset
1417,CEMIPLIMAB-RWLC,12,FDA dataset
1419,BEVACIZUMAB-BVZR,12,FDA dataset
1296,IOBENGUANE I-131,12,FDA dataset
1425,EMAPALUMAB-LZSG,12,FDA dataset
1426,RAVULIZUMAB-CWVZ,12,FDA dataset
211,TEPANIL TEN-TAB,12,FDA dataset
1165,AGALSIDASE BETA,12,FDA dataset
1430,VARIBAR PUDDING,12,FDA dataset
963,FENOFIBRIC ACID,12,FDA dataset
1162,DARBEPOETIN ALFA,12,FDA dataset
875,SORAFENIB TOSYLATE,11,FDA dataset
0,CLIDINIUM BROMIDE,11,FDA dataset
942,COMBIVENT RESPIMAT,11,FDA dataset
1388,GALCANEZUMAB-GNLM,11,FDA dataset
1571,EDOXABAN TOSYLATE,11,FDA dataset
1546,BEVESPI AEROSPHERE,11,FDA dataset
1524,GLASDEGIB MALEATE,11,FDA dataset
1517,VARIBAR THIN HONEY,11,FDA dataset
1513,NIRAPARIB TOSYLATE,11,FDA dataset
1472,ABILIFY MYCITE KIT,11,FDA dataset
1468,DEFIBROTIDE SODIUM,11,FDA dataset
1460,NINTEDANIB ESYLATE,11,FDA dataset
1435,NERATINIB MALEATE,11,FDA dataset
1428,CAPLACIZUMAB-YHDP,11,FDA dataset
1423,RISANKIZUMAB-RZAA,11,FDA dataset
1412,FREMANEZUMAB-VFRM,11,FDA dataset
1405,PEGFILGRASTIM-JMDB,11,FDA dataset
1397,TILDRAKIZUMAB-ASMN,11,FDA dataset
1379,MOGAMULIZUMAB-KPKC,11,FDA dataset
944,PEGAPTANIB SODIUM,11,FDA dataset
1355,PEGFILGRASTIM-CBQV,11,FDA dataset
1325,BALOXAVIR MARBOXIL,11,FDA dataset
1314,BLEPHAMIDE S.O.P.,11,FDA dataset
1256,ERIBULIN MESYLATE,11,FDA dataset
1240,EPOETIN ALFA-EPBX,11,FDA dataset
1195,CERTOLIZUMAB PEGOL,11,FDA dataset
1146,INTERFERON BETA-1A,11,FDA dataset
1145,CAPROMAB PENDETIDE,11,FDA dataset
1143,INTERFERON BETA-1B,11,FDA dataset
1140,INTERFERON ALFA-2B,11,FDA dataset
1083,AFATINIB DIMALEATE,11,FDA dataset
1063,ACLIDINIUM BROMIDE,11,FDA dataset
1031,ICATIBANT ACETATE,11,FDA dataset
1002,NOVOBIOCIN SODIUM,11,FDA dataset
1260,BLISOVI FE 1.5/30,11,FDA dataset
1596,ZEMBRACE SYMTOUCH,11,FDA dataset
658,IMATINIB MESYLATE,11,FDA dataset
115,DEMECARIUM BROMIDE,11,FDA dataset
358,PENBUTOLOL SULFATE,11,FDA dataset
256,ALBUTEROL SULFATE,11,FDA dataset
565,CLARITIN REDITABS,11,FDA dataset
131,LITHIUM CARBONATE,11,FDA dataset
36,AZULFIDINE EN-TABS,11,FDA dataset
409,VELOSULIN BR HUMAN,11,FDA dataset
272,MANNITOL; SORBITOL,11,FDA dataset
375,PIRBUTEROL ACETATE,11,FDA dataset
110,PHENY-PAS-TEBAMIN,11,FDA dataset
296,VECURONIUM BROMIDE,11,FDA dataset
210,BRETYLIUM TOSYLATE,11,FDA dataset
563,RABEPRAZOLE SODIUM,11,FDA dataset
264,BACTRIM PEDIATRIC,11,FDA dataset
579,TIOTROPIUM BROMIDE,11,FDA dataset
90,BIPERIDEN LACTATE,11,FDA dataset
408,SODIUM BICARBONATE,11,FDA dataset
644,IBANDRONATE SODIUM,11,FDA dataset
337,GUANABENZ ACETATE,11,FDA dataset
623,SORBITOL-MANNITOL,11,FDA dataset
481,ROCURONIUM BROMIDE,11,FDA dataset
235,"FIBRINOGEN, I-125",11,FDA dataset
146,FREAMINE HBC 6.9%,11,FDA dataset
709,BLEOMYCIN SULFATE,11,FDA dataset
136,TOLBUTAMIDE SODIUM,11,FDA dataset
137,KENALOG IN ORABASE,11,FDA dataset
663,TOBRAMYCIN SULFATE,11,FDA dataset
18,DIETHYLSTILBESTROL,11,FDA dataset
506,IBUTILIDE FUMARATE,11,FDA dataset
445,PEGADEMASE BOVINE,11,FDA dataset
332,BITOLTEROL MESYLATE,10,FDA dataset
639,CHILDREN'S IBUPROFEN,10,FDA dataset
424,BISOPROLOL FUMARATE,10,FDA dataset
924,SEVELAMER CARBONATE,10,FDA dataset
96,VINBLASTINE SULFATE,10,FDA dataset
521,ELLIOTTS B SOLUTION,10,FDA dataset
195,PANCURONIUM BROMIDE,10,FDA dataset
154,CYANOCOBALAMIN CO-60,10,FDA dataset
1372,LENVATINIB MESYLATE,10,FDA dataset
1147,IMCIROMAB PENTETATE,10,FDA dataset
262,CARBIDOPA; LEVODOPA,10,FDA dataset
776,CHOLINE FENOFIBRATE,10,FDA dataset
139,BENDROFLUMETHIAZIDE,10,FDA dataset
80,AMBENONIUM CHLORIDE,10,FDA dataset
570,RAPACURONIUM BROMIDE,10,FDA dataset
755,PREVANTICS SWABSTICK,10,FDA dataset
1509,RUCAPARIB CAMSYLATE,10,FDA dataset
269,OXYBUTYNIN CHLORIDE,10,FDA dataset
176,TERBUTALINE SULFATE,10,FDA dataset
724,POLYMYXIN B SULFATE,10,FDA dataset
955,GABAPENTIN ENACARBIL,10,FDA dataset
1459,OSIMERTINIB MESYLATE,10,FDA dataset
626,SODIUM PENTOBARBITAL,10,FDA dataset
130,ISOSORBIDE DINITRATE,10,FDA dataset
996,LAPATINIB DITOSYLATE,10,FDA dataset
627,PENTOBARBITAL SODIUM,10,FDA dataset
1000,ESTROGENIC SUBSTANCE,10,FDA dataset
111,ASPIRIN; MEPROBAMATE,10,FDA dataset
744,LANTHANUM CARBONATE,10,FDA dataset
1501,RIBOCICLIB SUCCINATE,10,FDA dataset
1453,DABIGATRAN ETEXILATE,10,FDA dataset
1359,ABACAVIR; LAMIVUDINE,10,FDA dataset
120,SECOBARBITAL SODIUM,10,FDA dataset
1182,DABRAFENIB MESYLATE,10,FDA dataset
1447,AVATROMBOPAG MALEATE,10,FDA dataset
495,VINORELBINE TARTRATE,10,FDA dataset
1291,AMLODIPINE BENZOATE,10,FDA dataset
343,BUTOCONAZOLE NITRATE,10,FDA dataset
441,AMLODIPINE BESYLATE,10,FDA dataset
1166,IBRITUMOMAB TIUXETAN,10,FDA dataset
45,OXYPHENONIUM BROMIDE,10,FDA dataset
430,PERINDOPRIL ERBUMINE,10,FDA dataset
1120,ABIRATERONE ACETATE,10,FDA dataset
1566,UMECLIDINIUM BROMIDE,10,FDA dataset
1283,ASPIRIN; BUTALBITAL,10,FDA dataset
1413,LANADELUMAB (SHP643),10,FDA dataset
817,CEFTIBUTEN DIHYDRATE,10,FDA dataset
824,DAUNORUBICIN CITRATE,10,FDA dataset
31,BETHANECHOL CHLORIDE,10,FDA dataset
1322,"CARBON DIOXIDE, USP",10,FDA dataset
1041,BICILLIN C-R 900/300,10,FDA dataset
862,ELTROMBOPAG OLAMINE,10,FDA dataset
1556,ABACAVIR;LAMIVUDINE,10,FDA dataset
362,ATRACURIUM BESYLATE,10,FDA dataset
860,BEPOTASTINE BESILATE,10,FDA dataset
1126,TOFACITINIB CITRATE,10,FDA dataset
15,BUTABARBITAL SODIUM,10,FDA dataset
1313,VALBENAZINE TOSYLATE,10,FDA dataset
8,MEPENZOLATE BROMIDE,10,FDA dataset
1586,LATANOPROSTENE BUNOD,10,FDA dataset
850,ALOGLIPTIN BENZOATE,10,FDA dataset
1587,SONIDEGIB PHOSPHATE,10,FDA dataset
1588,BEDAQUILINE FUMARATE,10,FDA dataset
1589,COBIMETINIB FUMARATE,10,FDA dataset
544,RIZATRIPTAN BENZOATE,10,FDA dataset
227,BETHANIDINE SULFATE,10,FDA dataset
150,CYANOCOBALAMIN CO-57,10,FDA dataset
379,IPRATROPIUM BROMIDE,10,FDA dataset
1550,PANOBINOSTAT LACTATE,10,FDA dataset
352,FLURBIPROFEN SODIUM,10,FDA dataset
257,BUTORPHANOL TARTRATE,10,FDA dataset
1213,BRENTUXIMAB VEDOTIN,10,FDA dataset
787,HYLENEX RECOMBINANT,10,FDA dataset
65,BENZTROPINE MESYLATE,10,FDA dataset
1278,ENASIDENIB MESYLATE,10,FDA dataset
1395,VARIBAR THIN LIQUID,10,FDA dataset
428,PIPECURONIUM BROMIDE,10,FDA dataset
475,BRIMONIDINE TARTRATE,10,FDA dataset
1156,INTERFERON GAMMA-1B,10,FDA dataset
474,BALSALAZIDE DISODIUM,10,FDA dataset
647,SODIUM BUTABARBITAL,10,FDA dataset
1531,TALAZOPARIB TOSYLATE,10,FDA dataset
1117,ABILIFY MAINTENA KIT,10,FDA dataset
371,BEPRIDIL HYDROCHLORIDE,9,FDA dataset
400,FLUDARABINE PHOSPHATE,9,FDA dataset
1017,BUPROPION HYDROBROMIDE,9,FDA dataset
1051,VITAMIN A SOLUBILIZED,9,FDA dataset
983,CARBENICILLIN DISODIUM,9,FDA dataset
1161,PEGINTERFERON ALFA-2B,9,FDA dataset
533,CLOPIDOGREL BISULFATE,9,FDA dataset
284,INSULIN PURIFIED BEEF,9,FDA dataset
1376,VESTRONIDASE ALFA-VJBK,9,FDA dataset
1292,GILTERITINIB FUMARATE,9,FDA dataset
163,BETAMETHASONE VALERATE,9,FDA dataset
1461,LEDIPASVIR; SOFOSBUVIR,9,FDA dataset
184,BETAMETHASONE BENZOATE,9,FDA dataset
1180,FERRIC CARBOXYMALTOSE,9,FDA dataset
212,BROMOCRIPTINE MESYLATE,9,FDA dataset
402,GLYBURIDE (MICRONIZED),9,FDA dataset
554,NESIRITIDE RECOMBINANT,9,FDA dataset
421,HALOBETASOL PROPIONATE,9,FDA dataset
1171,CABOZANTINIB S-MALATE,9,FDA dataset
182,YTTERBIUM YB 169 DTPA,9,FDA dataset
519,SODIUM PHENYLBUTYRATE,9,FDA dataset
1158,Botulinum Toxin Type B,9,FDA dataset
1452,CABAZITAXEL INJECTION,9,FDA dataset
1456,OLIVE OIL; SOYBEAN OIL,9,FDA dataset
1132,RUXOLITINIB PHOSPHATE,9,FDA dataset
769,GADOBENATE DIMEGLUMINE,9,FDA dataset
483,LOTEPREDNOL ETABONATE,9,FDA dataset
88,COLCHICINE; PROBENECID,9,FDA dataset
84,ASPIRIN; METHOCARBAMOL,9,FDA dataset
342,CLOBETASOL PROPIONATE,9,FDA dataset
75,PYRIDOSTIGMINE BROMIDE,9,FDA dataset
74,HEXAFLUORENIUM BROMIDE,9,FDA dataset
783,MECASERMIN RECOMBINANT,9,FDA dataset
905,LEVALBUTEROL TARTRATE,9,FDA dataset
72,METARAMINOL BITARTRATE,9,FDA dataset
380,ISOSORBIDE MONONITRATE,9,FDA dataset
68,BETAZOLE HYDROCHLORIDE,9,FDA dataset
1545,ELBASVIR; GRAZOPREVIR,9,FDA dataset
55,CARBINOXAMINE MALEATE,9,FDA dataset
51,PROPANTHELINE BROMIDE,9,FDA dataset
1116,HYDROCODONE BITARTRATE,9,FDA dataset
887,FAMOTIDINE; IBUPROFEN,9,FDA dataset
1,EPINEPHRINE BITARTRATE,9,FDA dataset
884,EZETIMIBE; SIMVASTATIN,9,FDA dataset
603,GEMTUZUMAB OZOGAMICIN,9,FDA dataset
429,SOMATROPIN RECOMBINANT,9,FDA dataset
585,DESIRUDIN RECOMBINANT,9,FDA dataset
1326,LAROTRECTINIB SULFATE,9,FDA dataset
1222,PEGINTERFERON BETA-1A,9,FDA dataset
35,DECAMETHONIUM BROMIDE,9,FDA dataset
1225,ARGATROBAN IN DEXTROSE,9,FDA dataset
442,PHARMASEAL SCRUB CARE,9,FDA dataset
22,TUBOCURARINE CHLORIDE,9,FDA dataset
1320,FOSTAMATINIB DISODIUM,9,FDA dataset
1593,SACUBITRIL; VALSARTAN,9,FDA dataset
4,PREDNISOLONE TEBUTATE,9,FDA dataset
1374,INOTUZUMAB OZOGAMICIN,9,FDA dataset
128,MESORIDAZINE BESYLATE,9,FDA dataset
1498,BREMELANOTIDE ACETATE,9,FDA dataset
119,METHANTHELINE BROMIDE,9,FDA dataset
484,LEPIRUDIN RECOMBINANT,9,FDA dataset
954,SUPREP BOWEL PREP KIT,9,FDA dataset
497,CYSTEAMINE BITARTRATE,9,FDA dataset
493,FOLLITROPIN ALFA/BETA,9,FDA dataset
730,DEPO-SUBQ PROVERA 104,9,FDA dataset
1092,BOSUTINIB MONOHYDRATE,9,FDA dataset
1488,MEROPENEM; VABORBACTAM,9,FDA dataset
514,CISATRACURIUM BESYLATE,9,FDA dataset
293,INSULIN ZINC SUSP BEEF,9,FDA dataset
610,CARBIDOPA AND LEVODOPA,9,FDA dataset
1369,VORTIOXETINE HYDROBROMIDE,8,FDA dataset
299,INSULIN RECOMBINANT HUMAN,8,FDA dataset
1089,EZETIMIBE AND SIMVASTATIN,8,FDA dataset
638,M-ZOLE 3 COMBINATION PACK,8,FDA dataset
630,FENOFIBRATE (MICRONIZED),8,FDA dataset
553,TIROFIBAN HYDROCHLORIDE,8,FDA dataset
625,BENOXINATE HYDROCHLORIDE,8,FDA dataset
640,PROBENECID AND COLCHICINE,8,FDA dataset
301,HYDROCORTISONE BUTYRATE,8,FDA dataset
1055,ACETAMINOPHEN; BUTALBITAL,8,FDA dataset
551,PYLORI-CHEK BREATH TEST,8,FDA dataset
353,RUBIDIUM CHLORIDE RB-82,8,FDA dataset
576,GALANTAMINE HYDROBROMIDE,8,FDA dataset
1358,ABACAVIR AND LAMIVUDINE,8,FDA dataset
315,BUPROPION HYDROCHLORIDE,8,FDA dataset
387,BETAXOLOL HYDROCHLORIDE,8,FDA dataset
382,LEVOBUNOLOL HYDROCHLORIDE,8,FDA dataset
321,LABETALOL HYDROCHLORIDE,8,FDA dataset
324,BUSPIRONE HYDROCHLORIDE,8,FDA dataset
328,ACEBUTOLOL HYDROCHLORIDE,8,FDA dataset
1068,GLYCEROL PHENYLBUTYRATE,8,FDA dataset
568,CITALOPRAM HYDROBROMIDE,8,FDA dataset
159,ROSE BENGAL SODIUM I-131,8,FDA dataset
243,DOBUTAMINE HYDROCHLORIDE,8,FDA dataset
961,ESLICARBAZEPINE ACETATE,8,FDA dataset
1208,JUNIOR STRENGTH IBUPROFEN,8,FDA dataset
1523,FEDRATINIB HYDROCHLORIDE,8,FDA dataset
486,BUTENAFINE HYDROCHLORIDE,8,FDA dataset
756,PREVANTICS MAXI SWABSTICK,8,FDA dataset
928,NEBIVOLOL HYDROCHLORIDE,8,FDA dataset
929,LIRAGLUTIDE RECOMBINANT,8,FDA dataset
751,DARIFENACIN HYDROBROMIDE,8,FDA dataset
1512,ALECTINIB HYDROCHLORIDE,8,FDA dataset
1250,TEDUGLUTIDE RECOMBINANT,8,FDA dataset
941,ERLOTINIB HYDROCHLORIDE,8,FDA dataset
121,NOREPINEPHRINE BITARTRATE,8,FDA dataset
738,ULTRAVIST (PHARMACY BULK),8,FDA dataset
953,PRINCIPEN W/ PROBENECID,8,FDA dataset
240,NALBUPHINE HYDROCHLORIDE,8,FDA dataset
1254,PONATINIB HYDROCHLORIDE,8,FDA dataset
780,PENICILLIN G BENZATHINE,8,FDA dataset
909,DALBAVANCIN HYDROCHLORIDE,8,FDA dataset
480,TIAGABINE HYDROCHLORIDE,8,FDA dataset
809,PAZOPANIB HYDROCHLORIDE,8,FDA dataset
448,BENAZEPRIL HYDROCHLORIDE,8,FDA dataset
12,BROMPHENIRAMINE MALEATE,8,FDA dataset
1580,IVABRADINE HYDROCHLORIDE,8,FDA dataset
861,IOBENGUANE SULFATE I-123,8,FDA dataset
28,DIBUCAINE HYDROCHLORIDE,8,FDA dataset
434,TERBINAFINE HYDROCHLORIDE,8,FDA dataset
44,BENTYL PRESERVATIVE FREE,8,FDA dataset
478,SIBUTRAMINE HYDROCHLORIDE,8,FDA dataset
471,IOBENGUANE SULFATE I 131,8,FDA dataset
1558,OMEGA-3-CARBOXYLIC ACIDS,8,FDA dataset
472,IOBENGUANE SULFATE I-131,8,FDA dataset
1216,ADO-TRASTUZUMAB EMTANSINE,8,FDA dataset
54,METHSCOPOLAMINE BROMIDE,8,FDA dataset
57,BUCLIZINE HYDROCHLORIDE,8,FDA dataset
503,HYDROCORTISONE PROBUTATE,8,FDA dataset
498,ARBUTAMINE HYDROCHLORIDE,8,FDA dataset
135,BIPERIDEN HYDROCHLORIDE,8,FDA dataset
1276,HOMATROPINE METHYLBROMIDE,8,FDA dataset
686,ERYTHROMYCIN LACTOBIONATE,8,FDA dataset
1261,GLECAPREVIR; PIBRENTASVIR,8,FDA dataset
1011,NILOTINIB HYDROCHLORIDE,8,FDA dataset
683,EPIRUBICIN HYDROCHLORIDE,8,FDA dataset
190,BUPIVACAINE HYDROCHLORIDE,8,FDA dataset
1262,CYTARABINE; DAUNORUBICIN ,8,FDA dataset
1270,MEPROBAMATE AND ASPIRIN,8,FDA dataset
206,NPH ILETIN I (BEEF-PORK),8,FDA dataset
172,CHLORPHENESIN CARBAMATE,8,FDA dataset
676,IDARUBICIN HYDROCHLORIDE,8,FDA dataset
1429,POLATUZUMAB VEDOTIN-PIIQ,8,FDA dataset
1025,METHYLNALTREXONE BROMIDE,8,FDA dataset
214,CARBOPROST TROMETHAMINE,8,FDA dataset
530,ELETRIPTAN HYDROBROMIDE,8,FDA dataset
217,SODIUM ROSE BENGAL I 131,8,FDA dataset
1410,PRABOTULINUMTOXINA-XVFS,8,FDA dataset
505,VANCERIL DOUBLE STRENGTH,8,FDA dataset
687,DOXORUBICIN HYDROCHLORIDE,8,FDA dataset
515,NIMBEX PRESERVATIVE FREE,8,FDA dataset
508,GEMCITABINE HYDROCHLORIDE,8,FDA dataset
718,IBUPROHM COLD AND SINUS,8,FDA dataset
989,METHOCARBAMOL AND ASPIRIN,8,FDA dataset
162,ETHAMBUTOL HYDROCHLORIDE,8,FDA dataset
1474,SOFOSBUVIR; VELPATASVIR,8,FDA dataset
717,DEXAMETHASONE; TOBRAMYCIN,8,FDA dataset
700,AMPICILLIN AND SULBACTAM,8,FDA dataset
974,PROBENECID W/ COLCHICINE,8,FDA dataset
466,MONISTAT 7 COMBINATION PACK,7,FDA dataset
595,INSULIN GLARGINE RECOMBINANT,7,FDA dataset
532,LEVALBUTEROL HYDROCHLORIDE,7,FDA dataset
571,INSULIN ASPART RECOMBINANT,7,FDA dataset
572,LEVOBUPIVACAINE HYDROCHLORIDE,7,FDA dataset
482,LEVOCABASTINE HYDROCHLORIDE,7,FDA dataset
496,MYCELEX-7 COMBINATION PACK,7,FDA dataset
516,RANITIDINE BISMUTH CITRATE,7,FDA dataset
517,INSULIN LISPRO RECOMBINANT,7,FDA dataset
524,BREATHTEK UBT FOR H-PYLORI,7,FDA dataset
490,MONISTAT 3 COMBINATION PACK,7,FDA dataset
422,BUPIVACAINE HYDROCHLORIDE KIT,7,FDA dataset
566,CLARITIN HIVES RELIEF REDITAB,7,FDA dataset
1141,MICONAZOLE 3 COMBINATION PACK,7,FDA dataset
798,BACAMPICILLIN HYDROCHLORIDE,7,FDA dataset
228,BETAMETHASONE DIPROPIONATE,7,FDA dataset
598,LEVOBETAXOLOL HYDROCHLORIDE,7,FDA dataset
713,DAUNORUBICIN HYDROCHLORIDE,7,FDA dataset
726,CHLORAPREP SINGLE SWABSTICK,7,FDA dataset
721,INSULIN DETEMIR RECOMBINANT,7,FDA dataset
968,IDARUBICIN HYDROCHLORIDE PFS,7,FDA dataset
720,CALCITONIN SALMON RECOMBINANT,7,FDA dataset
972,TECHNETIUM TC-99M MEBROFENIN,7,FDA dataset
716,TOBRAMYCIN AND DEXAMETHASONE,7,FDA dataset
138,CARBOCAINE W/ NEO-COBEFRIN,7,FDA dataset
145,BENZQUINAMIDE HYDROCHLORIDE,7,FDA dataset
1022,CARBENICILLIN INDANYL SODIUM,7,FDA dataset
985,BACITRACIN-NEOMYCIN-POLYMYXIN,7,FDA dataset
165,SUBLIMAZE PRESERVATIVE FREE,7,FDA dataset
369,SAFFLOWER OIL; SOYBEAN OIL,7,FDA dataset
684,PIPERACILLIN AND TAZOBACTAM,7,FDA dataset
201,ANISOTROPINE METHYLBROMIDE,7,FDA dataset
203,INSULIN SUSP ISOPHANE BEEF,7,FDA dataset
1431,PATIROMER SORBITEX CALCIUM,7,FDA dataset
727,CHLORAPREP TRIPLE SWABSTICK,7,FDA dataset
132,PROCARBAZINE HYDROCHLORIDE,7,FDA dataset
1497,COPANLISIB DIHYDROCHLORIDE,7,FDA dataset
114,DEXBROMPHENIRAMINE MALEATE,7,FDA dataset
1584,TRAMETINIB DIMETHYL SULFOXIDE,7,FDA dataset
864,RADIOGARDASE (PRUSSIAN BLUE),7,FDA dataset
865,INSULIN GLULISINE RECOMBINANT,7,FDA dataset
29,DIETHYLCARBAMAZINE CITRATE,7,FDA dataset
1569,ABACAVIR SULFATE;LAMIVUDINE,7,FDA dataset
803,ARGATROBAN IN SODIUM CHLORIDE,7,FDA dataset
886,DABIGATRAN ETEXILATE MESYLATE,7,FDA dataset
71,BENADRYL PRESERVATIVE FREE,7,FDA dataset
1536,AVIBACTAM SODIUM; CEFTAZIDIME,7,FDA dataset
779,BENDAMUSTINE HYDROCHLORIDE,7,FDA dataset
921,BESIFLOXACIN HYDROCHLORIDE,7,FDA dataset
91,BENZPHETAMINE HYDROCHLORIDE,7,FDA dataset
925,ADAPALENE; BENZOYL PEROXIDE,7,FDA dataset
762,MONISTAT 1 COMBINATION PACK,7,FDA dataset
932,CEFOBID IN PLASTIC CONTAINER,7,FDA dataset
677,FLUOCINONIDE EMULSIFIED BASE,7,FDA dataset
1230,MICONAZOLE 7 COMBINATION PACK,7,FDA dataset
1054,BUTALBITAL AND ACETAMINOPHEN,7,FDA dataset
244,CYCLOBENZAPRINE HYDROCHLORIDE,7,FDA dataset
1362,PEXIDARTINIB HYDROCHLORIDE,7,FDA dataset
298,INSULIN RECOMBINANT HUMAN ,7,FDA dataset
294,ASPIRIN; BUTALBITAL; CAFFEINE,7,FDA dataset
1105,KABIVEN IN PLASTIC CONTAINER,7,FDA dataset
277,BUPRENORPHINE HYDROCHLORIDE,7,FDA dataset
267,BECLOMETHASONE DIPROPIONATE,7,FDA dataset
651,TECHNETIUM TC 99M SESTAMIBI,7,FDA dataset
653,ABACAVIR SULFATE; LAMIVUDINE,7,FDA dataset
250,ALBUMIN IODINATED I-131 SERUM,7,FDA dataset
249,ALBUMIN IODINATED I-125 SERUM,7,FDA dataset
248,ALBUMIN CHROMATED CR-51 SERUM,7,FDA dataset
316,BENDROFLUMETHIAZIDE; NADOLOL,7,FDA dataset
1036,BENZYLPENICILLOYL POLYLYSINE,7,FDA dataset
215,INSULIN ZINC SUSP PROMPT BEEF,7,FDA dataset
1319,HYDROCORTISONE IN ABSORBASE,7,FDA dataset
233,TECHNETIUM TC-99M ALBUMIN KIT,7,FDA dataset
1422,MOXETUMOMAB PASUDOTOX-TDFK,7,FDA dataset
347,BREVIBLOC IN PLASTIC CONTAINER,6,FDA dataset
320,BRANCHAMIN 4% IN PLASTIC CONTAINER,6,FDA dataset
13,HYDROXYAMPHETAMINE HYDROBROMIDE,6,FDA dataset
64,HYDROXYSTILBAMIDINE ISETHIONATE,6,FDA dataset
59,"ESTROGENS, CONJUGATED; MEPROBAMATE",6,FDA dataset
49,PHENOXYBENZAMINE HYDROCHLORIDE,6,FDA dataset
1555,NEBIVOLOL HYDROCHLORIDE; VALSARTAN,6,FDA dataset
335,SODIUM BICARBONATE; TARTARIC ACID,6,FDA dataset
1568,COBICISTAT; DARUNAVIR ETHANOLATE,6,FDA dataset
1575,ATAZANAVIR SULFATE; COBICISTAT,6,FDA dataset
345,INSULIN ZINC SUSP RECOMBINANT HUMAN,6,FDA dataset
1562,EZETIMIBE AND ATORVASTATIN CALCIUM,6,FDA dataset
1564,BRIMONIDINE TARTRATE; BRINZOLAMIDE,6,FDA dataset
372,BRETYLIUM TOSYLATE IN DEXTROSE 5%,6,FDA dataset
357,TECHNETIUM TC-99M MEBROFENIN KIT,6,FDA dataset
1535,AMLODIPINE BESYLATE; CELECOXIB,6,FDA dataset
440,TECHNETIUM TC-99M SESTAMIBI KIT,6,FDA dataset
1330,HALOBETASOL PROPIONATE; TAZAROTENE,6,FDA dataset
1424,TRASTUZUMAB;HYALURONIDASE-OYSK,6,FDA dataset
126,BROMODIPHENHYDRAMINE HYDROCHLORIDE,6,FDA dataset
76,DIETHYLSTILBESTROL DIPHOSPHATE,6,FDA dataset
1476,BIVALIRUDIN IN 0.9% SODIUM CHLORIDE,6,FDA dataset
1281,ASPIRIN; HYDROCODONE BITARTRATE,6,FDA dataset
222,SCRUBTEAM SURGICAL SPONGEBRUSH,6,FDA dataset
185,TRIMETHOBENZAMIDE HYDROCHLORIDE,6,FDA dataset
455,TECHNETIUM TC-99M TEBOROXIME KIT,6,FDA dataset
1444,OMBITASVIR; PARITAPREVIR; RITONAVIR,6,FDA dataset
168,SORBITOL 3.3% IN PLASTIC CONTAINER,6,FDA dataset
401,AVOBENZONE; OCTINOXATE; OXYBENZONE,6,FDA dataset
1257,ATORVASTATIN CALCIUM; EZETIMIBE,6,FDA dataset
258,SORBITOL 3% IN PLASTIC CONTAINER,6,FDA dataset
297,INSULIN RECOMBINANT PURIFIED HUMAN,6,FDA dataset
261,A-N STANNOUS AGGREGATED ALBUMIN,6,FDA dataset
265,BETAMETHASONE SODIUM PHOSPHATE,6,FDA dataset
1491,ARGATROBAN IN 0.9% SODIUM CHLORIDE,6,FDA dataset
1496,LETROZOLE; RIBOCICLIB SUCCINATE,6,FDA dataset
283,INSULIN ZINC SUSP PURIFIED BEEF,6,FDA dataset
207,INSULIN SUSP ISOPHANE BEEF/PORK,6,FDA dataset
285,INSULIN SUSP ISOPHANE PURIFIED BEEF,6,FDA dataset
292,INSULIN ZINC SUSP EXTENDED BEEF,6,FDA dataset
183,PENTETATE CALCIUM TRISODIUM YB-169,6,FDA dataset
467,GYNE-LOTRIMIN COMBINATION PACK,6,FDA dataset
604,GLYBURIDE; METFORMIN HYDROCHLORIDE,6,FDA dataset
992,"CARBIDOPA, LEVODOPA AND ENTACAPONE",6,FDA dataset
1066,AMLODIPINE BESYLATE AND VALSARTAN,6,FDA dataset
1070,RIBOFLAVIN 5'-PHOSPHATE SODIUM,6,FDA dataset
800,GUAIFENESIN; HYDROCODONE BITARTRATE,6,FDA dataset
1172,ADAPALENE AND BENZOYL PEROXIDE,6,FDA dataset
931,BACITRACIN; POLYMYXIN B SULFATE,6,FDA dataset
1073,IRBESARTAN; HYDROCHLOROTHIAZIDE,6,FDA dataset
535,HYDROCODONE BITARTRATE; IBUPROFEN,6,FDA dataset
891,TERRAMYCIN W/ POLYMYXIN B SULFATE,6,FDA dataset
635,NADOLOL AND BENDROFLUMETHIAZIDE,6,FDA dataset
629,CLOBETASOL PROPIONATE (EMOLLIENT),6,FDA dataset
895,ACETAMINOPHEN; BUTALBITAL; CAFFEINE,6,FDA dataset
788,HYALURONIDASE RECOMBINANT HUMAN,6,FDA dataset
965,BACTOCILL IN PLASTIC CONTAINER,6,FDA dataset
964,EFAVIRENZ 200MG SCORED TABLETS,6,FDA dataset
956,AMLODIPINE BESYLATE; TELMISARTAN,6,FDA dataset
615,IRBESARTAN AND HYDROCHLOROTHIAZIDE,6,FDA dataset
578,DIPHENHYDRAMINE CITRATE; IBUPROFEN,6,FDA dataset
736,"ESTROGENS, CONJUGATED SYNTHETIC B",6,FDA dataset
910,MECASERMIN RINFABATE RECOMBINANT,6,FDA dataset
1103,PERIKABIVEN IN PLASTIC CONTAINER,6,FDA dataset
592,PIPERONYL BUTOXIDE; PYRETHRINS,6,FDA dataset
773,HYDROCORTISONE; POLYMYXIN B SULFATE,6,FDA dataset
746,CARBIDOPA; ENTACAPONE; LEVODOPA,6,FDA dataset
764,TERIPARATIDE RECOMBINANT HUMAN,6,FDA dataset
939,LOTEPREDNOL ETABONATE; TOBRAMYCIN,6,FDA dataset
937,FLUOROMETHOLONE ACETATE; TOBRAMYCIN,6,FDA dataset
1121,IRBESARTAN: HYDROCHLOROTHIAZIDE,6,FDA dataset
652,ABACAVIR SULFATE AND LAMIVUDINE,6,FDA dataset
1072,IRBESARTAN HYDROCHLOROTHIAZIDE,6,FDA dataset
528,HYDROCHLOROTHIAZIDE; IRBESARTAN,6,FDA dataset
1184,MICONAZOLE NITRATE COMBINATION PACK,6,FDA dataset
1021,LAMIVUDINE; ZIDOVUDINE; ABACAVIR,6,FDA dataset
680,IBUPROFEN; OXYCODONE HYDROCHLORIDE,6,FDA dataset
674,BACITRACIN ZINC-POLYMYXIN B SULFATE,6,FDA dataset
464,TECHNETIUM TC-99M BICISATE KIT,6,FDA dataset
688,NEOMYCIN AND POLYMYXIN B SULFATE,6,FDA dataset
690,ERYTHROMYCIN AND BENZOYL PEROXIDE,6,FDA dataset
691,BENZOYL PEROXIDE; ERYTHROMYCIN,6,FDA dataset
999,"BUTALBITAL, ASPIRIN AND CAFFEINE",6,FDA dataset
692,TOBRAMYCIN SULFATE (PHARMACY BULK),6,FDA dataset
701,AMPICILLIN SODIUM; SULBACTAM SODIUM,6,FDA dataset
660,OMEPRAZOLE; SODIUM BICARBONATE,6,FDA dataset
1046,AMLODIPINE BESYLATE; VALSARTAN,6,FDA dataset
509,GYNE-LOTRIMIN 3 COMBINATION PACK,6,FDA dataset
749,AVOBENZONE; ECAMSULE; OCTOCRYLENE,6,FDA dataset
523,MERETEK UBT KIT (W/ PRANACTIN),6,FDA dataset
659,OMEPRAZOLE AND SODIUM BICARBONATE,6,FDA dataset
275,INSULIN ZINC SUSP EXTENDED PURIFIED BEEF,5,FDA dataset
1110,BUPIVACAINE HYDROCHLORIDE PRESERVATIVE FREE,5,FDA dataset
611,BISOPROLOL FUMARATE AND HYDROCHLOROTHIAZIDE,5,FDA dataset
737,DEXTROMETHORPHAN HYDROBROMIDE; GUAIFENESIN,5,FDA dataset
682,BENZOYL PEROXIDE; CLINDAMYCIN PHOSPHATE,5,FDA dataset
681,CLINDAMYCIN PHOSPHATE AND BENZOYL PEROXIDE,5,FDA dataset
1503,PHOXILLUM BK 4/2.5 IN PLASTIC CONTAINER,5,FDA dataset
260,TECHNETIUM TC 99M ALBUMIN AGGREGATED KIT,5,FDA dataset
608,GLYBURIDE AND METFORMIN HYDROCHLORIDE,5,FDA dataset
1505,PHOXILLUM B22K 4/0 IN PLASTIC CONTAINER,5,FDA dataset
993,BUPIVACAINE HYDROCHLORIDE W/EPINEPHRINE,5,FDA dataset
1015,AMLODIPINE BESYLATE; OLMESARTAN MEDOXOMIL,5,FDA dataset
685,PIPERACILLIN SODIUM; TAZOBACTAM SODIUM,5,FDA dataset
1052,"ABACAVIR SULFATE, LAMIVUDINE AND ZIDOVUDINE",5,FDA dataset
1340,CILASTATIN SODIUM; IMIPENEM; RELEBACTAM ,5,FDA dataset
202,INSULIN SUSP PROTAMINE ZINC PURIFIED BEEF,5,FDA dataset
675,BACITRACIN ZINC; POLYMYXIN B SULFATE,5,FDA dataset
350,BECLOMETHASONE DIPROPIONATE MONOHYDRATE,5,FDA dataset
351,AMINOSYN-HBC 7% IN PLASTIC CONTAINER,5,FDA dataset
1511,ACLIDINIUM BROMIDE; FORMOTEROL FUMARATE,5,FDA dataset
606,ABACAVIR SULFATE; LAMIVUDINE; ZIDOVUDINE,5,FDA dataset
205,INSULIN SUSP PROTAMINE ZINC BEEF/PORK,5,FDA dataset
253,TECHNETIUM TC-99M ALBUMIN AGGREGATED,5,FDA dataset
612,BUTORPHANOL TARTRATE PRESERVATIVE FREE,5,FDA dataset
735,BUPIVACAINE HYDROCHLORIDE; EPINEPHRINE,5,FDA dataset
274,INSULIN ZINC SUSP PURIFIED BEEF/PORK,5,FDA dataset
715,POLYMYXIN B SULFATE; TRIMETHOPRIM SULFATE,5,FDA dataset
979,CHLORAMPHENICOL; POLYMYXIN B SULFATE,5,FDA dataset
246,TECHNETIUM TC-99M ALBUMIN MICROSPHERES KIT,5,FDA dataset
981,OXYCODONE HYDROCHLORIDE AND IBUPROFEN,5,FDA dataset
271,SORBITOL-MANNITOL IN PLASTIC CONTAINER,5,FDA dataset
637,IBUPROFEN AND PSEUDOEPHEDRINE HYDROCHLORIDE,5,FDA dataset
695,BACITRACIN ZINC AND POLYMYXIN B SULFATE,5,FDA dataset
633,ATRACURIUM BESYLATE PRESERVATIVE FREE,5,FDA dataset
631,CLOTRIMAZOLE AND BETAMETHASONE DIPROPIONATE,5,FDA dataset
1067,IBUPROFEN AND DIPHENHYDRAMINE HYDROCHLORIDE,5,FDA dataset
232,TECHNETIUM TC-99M ALBUMIN AGGREGATED KIT,5,FDA dataset
304,TECHNETIUM TC-99M ALBUMIN COLLOID KIT,5,FDA dataset
622,ALBUTEROL SULFATE AND IPRATROPIUM BROMIDE,5,FDA dataset
722,AMLODIPINE BESYLATE; ATORVASTATIN CALCIUM,5,FDA dataset
620,HYDROCODONE BITARTRATE AND IBUPROFEN,5,FDA dataset
166,CYANOCOBALAMIN CO 57 SCHILLING TEST KIT,5,FDA dataset
1064,DOXORUBICIN HYDROCHLORIDE (LIPOSOMAL),5,FDA dataset
689,NEOMYCIN SULFATE; POLYMYXIN B SULFATE,5,FDA dataset
1446,SODIUM PHENYLACETATE AND SODIUM BENZOATE,5,FDA dataset
642,IBUPROFEN AND DIPHENHYDRAMINE CITRATE,5,FDA dataset
734,BUPIVACAINE HYDROCHLORIDE AND EPINEPHRINE,5,FDA dataset
300,INSULIN SUSP ISOPHANE RECOMBINANT HUMAN,5,FDA dataset
842,IBUPROFEN; PHENYLEPHRINE HYDROCHLORIDE,5,FDA dataset
407,SODIUM BICARBONATE IN PLASTIC CONTAINER,5,FDA dataset
867,INFUVITE PEDIATRIC (PHARMACY BULK PACKAGE),5,FDA dataset
829,PRISMASOL BGK 4/2.5 IN PLASTIC CONTAINER,5,FDA dataset
828,PRISMASOL BGK 2/3.5 IN PLASTIC CONTAINER,5,FDA dataset
420,SODIUM BENZOATE; SODIUM PHENYLACETATE,5,FDA dataset
1264,NATURAL ESTROGENIC SUBSTANCE-ESTRONE,5,FDA dataset
827,PRISMASOL BGK 2/0 IN PLASTIC CONTAINER,5,FDA dataset
866,M.V.I. ADULT (PHARMACY BULK PACKAGE),5,FDA dataset
825,PRISMASOL BK 0/3.5 IN PLASTIC CONTAINER,5,FDA dataset
1295,TRIAMCINOLONE ACETONIDE IN ABSORBASE,5,FDA dataset
877,BUDESONIDE; FORMOTEROL FUMARATE DIHYDRATE,5,FDA dataset
47,RAVOCAINE AND NOVOCAIN W/ NEO-COBEFRIN,5,FDA dataset
796,ACETAMINOPHEN; HYDROCODONE BITARTRATE,5,FDA dataset
795,HYDROCODONE BITARTRATE AND ACETAMINOPHEN,5,FDA dataset
404,TECHNETIUM TC-99M RED BLOOD CELL KIT,5,FDA dataset
894,"BUTALBITAL, ACETAMINOPHEN AND CAFFEINE",5,FDA dataset
1196,METHOXY POLYETHYLENE GLYCOL-EPOETIN BETA,5,FDA dataset
830,PRISMASOL BGK 4/0 IN PLASTIC CONTAINER,5,FDA dataset
831,PRISMASOL BGK 0/2.5 IN PLASTIC CONTAINER,5,FDA dataset
832,PRISMASOL BK 0/0 IN PLASTIC CONTAINER,5,FDA dataset
833,PRISMASOL BGK 4/3.5 IN PLASTIC CONTAINER,5,FDA dataset
834,PRISMASOL BK 4/2.5 IN PLASTIC CONTAINER,5,FDA dataset
835,PRISMASOL B22GK 2/0 IN PLASTIC CONTAINER,5,FDA dataset
836,PRISMASOL B22GK 4/0 IN PLASTIC CONTAINER,5,FDA dataset
469,ALBUTEROL SULFATE; IPRATROPIUM BROMIDE,5,FDA dataset
839,ALISKIREN HEMIFUMARATE; AMLODIPINE BESYLATE,5,FDA dataset
431,BISOPROLOL FUMARATE; HYDROCHLOROTHIAZIDE,5,FDA dataset
465,DOBUTAMINE HYDROCHLORIDE IN DEXTROSE 5%,5,FDA dataset
438,IBUPROFEN; PSEUDOEPHEDRINE HYDROCHLORIDE,5,FDA dataset
1592,AMLODIPINE BESYLATE; PERINDOPRIL ARGININE,5,FDA dataset
837,PRISMASOL B22GK 2/2.5 IN PLASTIC CONTAINER,5,FDA dataset
444,BETAXOLOL HYDROCHLORIDE; CHLORTHALIDONE,5,FDA dataset
838,PRISMASOL B22GK 4/2.5 IN PLASTIC CONTAINER,5,FDA dataset
785,BETAMETHASONE DIPROPIONATE; CALCIPOTRIENE,5,FDA dataset
204,PROTAMINE ZINC & ILETIN I (BEEF-PORK),5,FDA dataset
1534,CEFTOLOZANE SULFATE; TAZOBACTAM SODIUM,5,FDA dataset
1311,SOFOSBUVIR; VELPATASVIR; VOXILAPREVIR,5,FDA dataset
1303,ACETAMINOPHEN AND HYDROCODONE BITARTRATE,5,FDA dataset
919,NEVIRAPINE TABLETS FOR ORAL SUSPENSION,5,FDA dataset
581,BRIMONIDINE TARTRATE; TIMOLOL MALEATE,5,FDA dataset
1128,LAMIVUDINE/NEVIRAPINE/ZIDOVUDINE TABLETS,5,FDA dataset
782,CALCIUM CARBONATE; RISEDRONATE SODIUM,5,FDA dataset
902,PRISMASOL BGK 4/0/1.2 IN PLASTIC CONTAINER,5,FDA dataset
577,DIPHENHYDRAMINE HYDROCHLORIDE; IBUPROFEN,5,FDA dataset
1125,IBUPROFEN AND PHENYLEPHRINE HYDROCHLORIDE,5,FDA dataset
778,"BAZEDOXIFENE ACETATE; ESTROGENS, CONJUGATED",5,FDA dataset
1124,CISATRACURIUM BESYLATE PRESERVATIVE FREE,5,FDA dataset
583,MONISTAT 3 COMBINATION PACK (PREFILLED),5,FDA dataset
360,BETAMETHASONE DIPROPIONATE; CLOTRIMAZOLE,5,FDA dataset
901,PRISMASOL BK 0/0/1.2 IN PLASTIC CONTAINER,5,FDA dataset
102,CYANOCOBALAMIN; TANNIC ACID; ZINC ACETATE,5,FDA dataset
89,DEXBROMPHENIRAMINE MALEATE; PSEUDOEPHEDRINE SULFATE,4,FDA dataset
745,AVOBENZONE; ECAMSULE; OCTOCRYLENE; TITANIUM DIOXIDE,4,FDA dataset
1455,HYDROCODONE BITARTRATE AND PSEUDOEPHEDRINE HYDROCHLORIDE,4,FDA dataset
943,EMTRICITABINE; TENOFOVIR DISOPROXIL FUMARATE,4,FDA dataset
945,"NEOMYCIN SULFATE, POLYMYXIN B SULFATE & HYDROCORTISONE",4,FDA dataset
1579,EFAVIRENZ;EMTRICITABINE;TENOFOVIR DISOPROXIL FUMARATE,4,FDA dataset
946,NEOMYCIN SULFATE-POLYMYXIN B SULFATE-HYDROCORTISONE,4,FDA dataset
915,MAGNESIUM CHLORIDE; SODIUM BICARBONATE; SODIUM CHLORIDE,4,FDA dataset
763,BAYER EXTRA STRENGTH ASPIRIN FOR MIGRAINE PAIN,4,FDA dataset
848,AMPICILLIN/AMPICILLIN TRIHYDRATE; PROBENECID,4,FDA dataset
1007,PRILOCAINE HYDROCHLORIDE AND EPINEPHRINE BITARTRATE,4,FDA dataset
747,BUPIVACAINE HYDROCHLORIDE; LIDOCAINE HYDROCHLORIDE,4,FDA dataset
1440,DASABUVIR SODIUM ; OMBITASVIR; PARITAPREVIR; RITONAVIR,4,FDA dataset
191,BUPIVACAINE HYDROCHLORIDE; EPINEPHRINE BITARTRATE,4,FDA dataset
1591,ABACAVIR SULFATE; DOLUTEGRAVIR SODIUM; LAMIVUDINE,4,FDA dataset
200,ISOPROTERENOL HYDROCHLORIDE; PHENYLEPHRINE BITARTRATE,4,FDA dataset
923,AMLODIPINE BESYLATE; HYDROCHLOROTHIAZIDE; VALSARTAN,4,FDA dataset
98,CHLORDIAZEPOXIDE HYDROCHLORIDE; CLIDINIUM BROMIDE,4,FDA dataset
1595,EMTRICITABINE; TENOFOVIR ALAFENAMIDE FUMARATE,4,FDA dataset
21,HOMATROPINE METHYLBROMIDE; HYDROCODONE BITARTRATE,4,FDA dataset
67,BROMODIPHENHYDRAMINE HYDROCHLORIDE; CODEINE PHOSPHATE,4,FDA dataset
907,DEXTROMETHORPHAN HYDROBROMIDE; QUINIDINE SULFATE,4,FDA dataset
167,CYANOCOBALAMIN; CYANOCOBALAMIN CO-57; INTRINSIC FACTOR,4,FDA dataset
1541,BENOXINATE HYDROCHLORIDE; FLUORESCEIN SODIUM,4,FDA dataset
793,"ACETAMINOPHEN, CAFFEINE, AND DIHYDROCODEINE BITARTRATE",4,FDA dataset
714,TRIMETHOPRIM SULFATE AND POLYMYXIN B SULFATE,4,FDA dataset
1483,DASABUVIR SODIUM; OMBITASVIR; PARITAPREVIR; RITONAVIR,4,FDA dataset
794,ACETAMINOPHEN; CAFFEINE; DIHYDROCODEINE BITARTRATE,4,FDA dataset
1547,"ACETAMINOPHEN, CAFFEINE AND DIHYDROCODEINE BITARTRATE",4,FDA dataset
140,BETAMETHASONE ACETATE; BETAMETHASONE SODIUM PHOSPHATE,4,FDA dataset
892,BACITRACIN; NEOMYCIN SULFATE; POLYMYXIN B SULFATE,4,FDA dataset
141,EPINEPHRINE BITARTRATE; PRILOCAINE HYDROCHLORIDE,4,FDA dataset
1549,UMECLIDINIUM BROMIDE; VILANTEROL TRIFENATATE,4,FDA dataset
1490,OLODATEROL HYDROCHLORIDE; TIOTROPIUM BROMIDE,4,FDA dataset
890,OXYTETRACYCLINE HYDROCHLORIDE; POLYMYXIN B SULFATE,4,FDA dataset
106,ASPIRIN; CAFFEINE; DIHYDROCODEINE BITARTRATE,4,FDA dataset
801,ALOGLIPTIN BENZOATE; PIOGLITAZONE HYDROCHLORIDE,4,FDA dataset
1559,EMTRICITABINE;TENOFOVIR DISOPROXIL FUMARATE;NEVIRAPINE,4,FDA dataset
805,HYDROCODONE BITARTRATE; PSEUDOEPHEDRINE HYDROCHLORIDE,4,FDA dataset
807,LAMIVUDINE/TENOFOVIR DISOPROXIL FUMARATE FDC TABS,4,FDA dataset
982,CHLORAMPHENICOL; DESOXYRIBONUCLEASE; FIBRINOLYSIN,4,FDA dataset
872,BACITRACIN-NEOMYCIN-POLYMYXIN W/ HYDROCORTISONE ACETATE,4,FDA dataset
1467,CHLORPHENIRAMINE MALEATE; HYDROCODONE BITARTRATE,4,FDA dataset
1466,HYDROCODONE BITARTRATE AND CHLORPHENIRAMINE MALEATE,4,FDA dataset
1494,ACETAMINOPHEN; BENZHYDROCODONE HYDROCHLORIDE,4,FDA dataset
706,NEOMYCIN AND POLYMYXIN B SULFATES AND BACITRACIN ZINC,4,FDA dataset
702,NEOMYCIN AND POLYMYXIN B SULFATES AND HYDROCORTISONE,4,FDA dataset
784,MAGNESIUM HYDROXIDE; OMEPRAZOLE; SODIUM BICARBONATE,4,FDA dataset
900,HYDROCODONE BITARTRATE AND HOMATROPINE METHYLBROMIDE,4,FDA dataset
904,AMLODIPINE MALEATE; BENAZEPRIL HYDROCHLORIDE,4,FDA dataset
1514,EMTRICITABINE;RILPIVIRINE;TENOFOVIR DISOPROXIL FUMARATE,4,FDA dataset
230,EPINEPHRINE BITARTRATE; ETIDOCAINE HYDROCHLORIDE,4,FDA dataset
1019,EFAVIRENZ; EMTRICITABINE; TENOFOVIR DISOPROXIL FUMARATE,4,FDA dataset
1253,FAMOTIDINE PRESERVATIVE FREE (PHARMACY BULK),4,FDA dataset
348,BREVIBLOC DOUBLE STRENGTH IN PLASTIC CONTAINER,4,FDA dataset
1179,"FAMOTIDINE, CALCIUM CARBONATE, AND MAGNESIUM HYDROXIDE",4,FDA dataset
1112,EMTRICITABINE AND TENOFOVIR DISOPROXIL FUMARATE,4,FDA dataset
338,SULFAMETHOXAZOLE AND TRIMETHOPRIM DOUBLE STRENGTH,4,FDA dataset
1258,CALCIPOTRIENE AND BETAMETHASONE DIPROPIONATE,4,FDA dataset
609,AMLODIPINE BESYLATE AND BENAZEPRIL HYDROCHLORIDE,4,FDA dataset
1107,BUPRENORPHINE HYDROCHLORIDE AND NALOXONE HYDROCHLORIDE ,4,FDA dataset
326,CITRIC ACID; MAGNESIUM OXIDE; SODIUM CARBONATE,4,FDA dataset
1102,BROMODIPHENHYDRAMINE HYDROCHLORIDE AND CODEINE PHOSPHATE,4,FDA dataset
1071,BUPRENORPHINE HYDROCHLORIDE AND NALOXONE HYDROCHLORIDE,4,FDA dataset
1099,AMLODIPINE BESYLATE AND ATORVASTATIN CALCIUM,4,FDA dataset
427,BENAZEPRIL HYDROCHLORIDE; HYDROCHLOROTHIAZIDE,4,FDA dataset
303,BACTERIOSTATIC WATER FOR INJECTION IN PLASTIC CONTAINER,4,FDA dataset
302,BACTERIOSTATIC SODIUM CHLORIDE 0.9% IN PLASTIC CONTAINER,4,FDA dataset
616,BENAZEPRIL HYDROCHLORIDE AND HYDROCHLOROTHIAZIDE,4,FDA dataset
619,DEXBROMPHENIRAMINE MALEATE AND PSEUDOEPHEDRINE SULFATE,4,FDA dataset
492,AMLODIPINE BESYLATE; BENAZEPRIL HYDROCHLORIDE,4,FDA dataset
634,"BUTALBITAL, ASPIRIN, CAFFEINE, AND CODEINE PHOSPHATE",4,FDA dataset
1334,BETAMETHASONE ACETATE AND BETAMETHASONE SODIUM PHOSPHATE,4,FDA dataset
354,ASPIRIN; BUTALBITAL; CAFFEINE; CODEINE PHOSPHATE,4,FDA dataset
1119,DEXTROMETHORPHAN HYDROBROMIDE;QUINIDINE SULFATE,4,FDA dataset
1123,TRIMETHOBENZAMIDE HYDROCHLORIDE PRESERVATIVE FREE,4,FDA dataset
1174,BUTALBITAL; ACETAMINOPHEN; CAFFEINE; CODEINE,4,FDA dataset
538,HYDRALAZINE HYDROCHLORIDE; ISOSORBIDE DINITRATE,4,FDA dataset
541,BUPRENORPHINE HYDROCHLORIDE; NALOXONE HYDROCHLORIDE,4,FDA dataset
561,CALCIUM CARBONATE; FAMOTIDINE; MAGNESIUM HYDROXIDE,4,FDA dataset
1175,BUTALBITAL; ACETAMINOPHEN; CAFFEINE; CODEINE PHOSPHATE,4,FDA dataset
398,BROMPHENIRAMINE MALEATE; PSEUDOEPHEDRINE HYDROCHLORIDE,4,FDA dataset
1290,GUAIFENESIN AND DEXTROMETHORPHAN HYDROBROMIDE,4,FDA dataset
562,ARTICAINE HYDROCHLORIDE; EPINEPHRINE BITARTRATE,4,FDA dataset
412,CITRIC ACID; GLUCONOLACTONE; MAGNESIUM CARBONATE,4,FDA dataset
393,INSULIN ZINC SUSP EXTENDED RECOMBINANT HUMAN,4,FDA dataset
385,HYDROXYAMPHETAMINE HYDROBROMIDE; TROPICAMIDE,4,FDA dataset
378,HYDROCHLOROTHIAZIDE; LABETALOL HYDROCHLORIDE,4,FDA dataset
1306,EPINEPHRINE BITARTRATE; LIDOCAINE HYDROCHLORIDE,4,FDA dataset
374,BRETYLIUM TOSYLATE IN DEXTROSE 5% IN PLASTIC CONTAINER,4,FDA dataset
600,ATROPINE SULFATE LIFESHIELD ABBOJECT SYRINGE,4,FDA dataset
414,IONOSOL MB AND DEXTROSE 5% IN PLASTIC CONTAINER,4,FDA dataset
417,IONOSOL B AND DEXTROSE 5% IN PLASTIC CONTAINER,4,FDA dataset
477,BETAXOLOL HYDROCHLORIDE; PILOCARPINE HYDROCHLORIDE,4,FDA dataset
1098,"AMLODIPINE BESYLATE, VALSARTAN AND HYDROCHLOROTHIAZIDE",4,FDA dataset
459,ACETAMINOPHEN; BUTALBITAL; CAFFEINE; CODEINE PHOSPHATE,4,FDA dataset
671,HYDROCORTISONE; NEOMYCIN SULFATE; POLYMYXIN B SULFATE,4,FDA dataset
251,RADIOIODINATED SERUM ALBUMIN (HUMAN) IHSA I 125,4,FDA dataset
669,NEOMYCIN AND POLYMYXIN B SULFATES AND GRAMICIDIN,4,FDA dataset
252,RADIO-IODINATED (I 125) SERUM ALBUMIN (HUMAN),4,FDA dataset
1053,DEXTROMETHORPHAN HYDROBROMIDE AND QUINIDINE SULFATE,4,FDA dataset
1042,BETAMETHASONE DIPROPIONATE; CALCIPOTRIENE HYDRATE,4,FDA dataset
643,ARTICAINE HYDROCHLORIDE AND EPINEPHRINE BITARTRATE,4,FDA dataset
234,RADIONUCLIDE-LABELED (125 I) FIBRINOGEN (HUMAN) SENSOR,4,FDA dataset
1040,PENICILLIN G BENZATHINE; PENICILLIN G PROCAINE,4,FDA dataset
664,NEOMYCIN AND POLYMYXIN B SULFATES AND DEXAMETHASONE,4,FDA dataset
670,GRAMICIDIN; NEOMYCIN SULFATE; POLYMYXIN B SULFATE,4,FDA dataset
1247,BUPROPION HYDROCHLORIDE; NALTREXONE HYDROCHLORIDE,4,FDA dataset
665,DEXAMETHASONE; NEOMYCIN SULFATE; POLYMYXIN B SULFATE,4,FDA dataset
672,BACITRACIN ZINC-NEOMYCIN SULFATE-POLYMYXIN B SULFATE,4,FDA dataset
673,BACITRACIN ZINC; NEOMYCIN SULFATE; POLYMYXIN B SULFATE,4,FDA dataset
1028,HOMATROPINE METHYLBROMIDE AND HYDROCODONE BITARTRATE,4,FDA dataset
1248,ALOGLIPTIN BENZOATE; METFORMIN HYDROCHLORIDE,4,FDA dataset
1027,NEOMYCIN SULFATE AND POLYMYXIN B SULFATE GRAMICIDIN,4,FDA dataset
1389,RITUXIMAB; HYALURONIDASE (HUMAN RECOMBINANT),4,FDA dataset
654,MONOBASIC SODIUM PHOSPHATE AND DIBASIC SODIUM PHOSPHATE,4,FDA dataset
596,"SODIUM PHOSPHATE, DIBASIC ANHYDROUS; SODIUM PHOSPHATE, MONOBASIC, MONOHYDRATE",3,FDA dataset
1176,"BISMUTH SUBSALICYLATE, METRONIDAZOLE AND TETRACYCLINE HYDROCHLORIDE",3,FDA dataset
873,BACITRACIN; HYDROCORTISONE ACETATE; NEOMYCIN SULFATE; POLYMYXIN B SULFATE,3,FDA dataset
1449,BICTEGRAVIR SODIUM; EMTRICITABINE; TENOFOVIR ALAFENAMIDE FUMARATE,3,FDA dataset
814,BACITRACIN ZINC; LIDOCAINE; NEOMYCIN SULFATE; POLYMYXIN B SULFATE,3,FDA dataset
1127,"PEG-3350, POTASSIUM CHLORIDE, SODIUM BICARBONATE, SODIUM CHLORIDE",3,FDA dataset
463,DOBUTAMINE HYDROCHLORIDE IN DEXTROSE 5% IN PLASTIC CONTAINER,3,FDA dataset
1475,EMTRICITABINE; RILPIVIRINE HYDROCHLORIDE; TENOFOVIR ALAFENAMIDE FUMARATE,3,FDA dataset
806,MAGNESIUM HYDROXIDE AND OMEPRAZOLE AND SODIUM BICARBONATE,3,FDA dataset
1004,COLISTIN SULFATE; HYDROCORTISONE ACETATE; NEOMYCIN SULFATE; THONZONIUM BROMIDE,3,FDA dataset
1035,NEOMYCIN SULFATE; POLYMYXIN B SULFATE; PREDNISOLONE ACETATE,3,FDA dataset
602,INSULIN ASPART PROTAMINE RECOMBINANT; INSULIN ASPART RECOMBINANT,3,FDA dataset
1272,FLUTICASONE FUROATE; UMECLIDINIUM BROMIDE; VILANTEROL TRIFENATATE,3,FDA dataset
46,NOREPINEPHRINE BITARTRATE; PROCAINE HYDROCHLORIDE; PROPOXYCAINE HYDROCHLORIDE,3,FDA dataset
225,"AMINO ACIDS; MAGNESIUM CHLORIDE; POTASSIUM PHOSPHATE, DIBASIC; SODIUM CHLORIDE",3,FDA dataset
410,ACETAMINOPHEN; DEXBROMPHENIRAMINE MALEATE; PSEUDOEPHEDRINE SULFATE,3,FDA dataset
221,CYANOCOBALAMIN; CYANOCOBALAMIN CO-57; CYANOCOBALAMIN CO-58,3,FDA dataset
397,EFIDAC 24 PSEUDOEPHEDRINE HYDROCHLORIDE/BROMPHENIRAMINE MALEATE,3,FDA dataset
1029,"ZINC BACITRACIN,NEOMYCIN SULFATE,POLYMYXIN B SULFATE & HYDROCORTISONE",3,FDA dataset
1557,FISH OIL; MEDIUM CHAIN TRIGLYCERIDES; OLIVE OIL; SOYBEAN OIL,3,FDA dataset
1026,NEOMYCIN & POLYMYXIN B SULFATES & BACITRACIN ZINC & HYDROCORTISONE,3,FDA dataset
1226,"PEG-3350, POTASSIUM CHLORIDE, SODIUM BICARBONATE, SODIUM CHLORIDE ",3,FDA dataset
1018,CHLORPHENIRAMINE MALEATE; IBUPROFEN; PHENYLEPHRINE HYDROCHLORIDE,3,FDA dataset
104,PROMETHAZINE HYDROCHLORIDE AND DEXTROMETHORPHAN HYDROBROMIDE,3,FDA dataset
105,DEXTROMETHORPHAN HYDROBROMIDE; PROMETHAZINE HYDROCHLORIDE,3,FDA dataset
148,COBALT CHLORIDE CO-57; CYANOCOBALAMIN; CYANOCOBALAMIN CO-57; INTRINSIC FACTOR,3,FDA dataset
978,CHLORAMPHENICOL; HYDROCORTISONE ACETATE; POLYMYXIN B SULFATE,3,FDA dataset
1076,"EFAVIRENZ, EMTRICITABINE, AND TENOFOVIR DISOPROXIL FUMARATE",3,FDA dataset
1081,COBICISTAT; ELVITEGRAVIR; EMTRICITABINE; TENOFOVIR DISOPROXIL FUMARATE,3,FDA dataset
1086,AMLODIPINE BESYLATE; HYDROCHLOROTHIAZIDE; OLMESARTAN MEDOXOMIL,3,FDA dataset
152,COBALT CHLORIDE CO-60; CYANOCOBALAMIN; CYANOCOBALAMIN CO-60; INTRINSIC FACTOR,3,FDA dataset
853,GUAIFENESIN; HYDROCODONE BITARTRATE; PSEUDOEPHEDRINE HYDROCHLORIDE,3,FDA dataset
984,BACITRACIN ZINC; HYDROCORTISONE ACETATE; NEOMYCIN SULFATE; POLYMYXIN B SULFATE,3,FDA dataset
708,BACITRACIN ZINC; HYDROCORTISONE; NEOMYCIN SULFATE; POLYMYXIN B SULFATE,3,FDA dataset
854,BISMUTH SUBSALICYLATE; METRONIDAZOLE; TETRACYCLINE HYDROCHLORIDE,3,FDA dataset
731,CHLORPHENIRAMINE MALEATE; IBUPROFEN; PSEUDOEPHEDRINE HYDROCHLORIDE,3,FDA dataset
707,"NEOMYCIN AND POLYMYXIN B SULFATES, BACITRACIN ZINC AND HYDROCORTISONE",3,FDA dataset
1173,HYDROCODONE BITARTRATE; PHENYLPROPANOLAMINE HYDROCHLORIDE,3,FDA dataset
1391,ESMOLOL HYDROCHLORIDE DOUBLE STRENGTH IN PLASTIC CONTAINER,3,FDA dataset
425,INSULIN RECOMBINANT HUMAN; INSULIN SUSP ISOPHANE RECOMBINANT HUMAN,3,FDA dataset
649,"BUTALBITAL, ACETAMINOPHEN, CAFFEINE AND CODEINE PHOSPHATE",3,FDA dataset
1111,EMTRICITABINE; RILPIVIRINE HYDROCHLORIDE; TENOFOVIR DISOPROXIL FUMARATE,3,FDA dataset
23,TRIPLE SULFA (SULFABENZAMIDE;SULFACETAMIDE;SULFATHIAZOLE),3,FDA dataset
980,HYDROCORTISONE ACETATE; NEOMYCIN SULFATE; POLYMYXIN B SULFATE,3,FDA dataset
1590,COBICISTAT; ELVITEGRAVIR; EMTRICITABINE; TENOFOVIR ALAFENAMIDE FUMARATE,3,FDA dataset
748,TOBRAMYCIN SULFATE IN SODIUM CHLORIDE 0.9% IN PLASTIC CONTAINER,3,FDA dataset
938,BISMUTH SUBCITRATE POTASSIUM; METRONIDAZOLE; TETRACYCLINE,3,FDA dataset
1246,ALISKIREN HEMIFUMARATE; AMLODIPINE BESYLATE; HYDROCHLOROTHIAZIDE,3,FDA dataset
655,"SODIUM PHOSPHATE, DIBASIC, ANHYDROUS; SODIUM PHOSPHATE, MONOBASIC, MONOHYDRATE",3,FDA dataset
1255,PROMETHAZINE HYDROCHLORIDE; DEXTROMETHORPHAN HYDROBROMIDE,3,FDA dataset
947,"LAMIVUDINE, ZIDOVUDINE TABS 150MG/300MG CO-PACKAGED WITH NEVIRAPINE TABS 200MG",3,FDA dataset
531,INSULIN LISPRO PROTAMINE RECOMBINANT; INSULIN LISPRO RECOMBINANT,3,FDA dataset
804,CHLORPHENIRAMINE MALEATE; HYDROCODONE BITARTRATE; PSEUDOEPHEDRINE HYDROCHLORIDE,2,FDA dataset
413,"AMINO ACIDS; MAGNESIUM ACETATE; POTASSIUM ACETATE; SODIUM CHLORIDE; SODIUM PHOSPHATE, DIBASIC, HEPTAHYDRATE",2,FDA dataset
443,POLYETHYLENE GLYCOL 3350; POTASSIUM CHLORIDE; SODIUM BICARBONATE; SODIUM CHLORIDE,2,FDA dataset
826,CALCIUM CHLORIDE; DEXTROSE; LACTIC ACID; MAGNESIUM CHLORIDE; POTASSIUM CHLORIDE; SODIUM BICARBONATE; SODIUM CHLORIDE,2,FDA dataset
416,"DEXTROSE; POTASSIUM CHLORIDE; POTASSIUM LACTATE; SODIUM CHLORIDE; SODIUM PHOSPHATE, MONOBASIC ANHYDROUS",2,FDA dataset
355,"AMINO ACIDS; MAGNESIUM CHLORIDE; POTASSIUM CHLORIDE; POTASSIUM PHOSPHATE, DIBASIC; SODIUM CHLORIDE",2,FDA dataset
406,"AMINO ACIDS; MAGNESIUM CHLORIDE; POTASSIUM CHLORIDE; SODIUM CHLORIDE; SODIUM PHOSPHATE, DIBASIC, HEPTAHYDRATE",2,FDA dataset
1088,"PEG-3350, SODIUM SULFATE, SODIUM CHLORIDE, POTASSIUM CHLORIDE, SODIUM ASCORBATE AND ASCORBIC ACID",2,FDA dataset
1104,AMINO ACIDS; CALCIUM CHLORIDE; DEXTROSE; MAGNESIUM SULFATE; POTASSIUM CHLORIDE; SODIUM ACETATE; SODIUM GLYCEROPHOSPHATE; SOYBEAN OIL,2,FDA dataset
325,"SODIUM PHOSPHATE, DIBASIC, HEPTAHYDRATE; SODIUM PHOSPHATE, MONOBASIC, ANHYDROUS",2,FDA dataset
310,"MAGNESIUM SULFATE; POTASSIUM CHLORIDE; POTASSIUM PHOSPHATE, MONOBASIC; SODIUM CHLORIDE; SODIUM PHOSPHATE",2,FDA dataset
305,"DEXTROSE; POTASSIUM CHLORIDE; POTASSIUM PHOSPHATE, DIBASIC; SODIUM ACETATE; SODIUM CHLORIDE",2,FDA dataset
723,BISACODYL; POLYETHYLENE GLYCOL 3350; POTASSIUM CHLORIDE; SODIUM BICARBONATE; SODIUM CHLORIDE,2,FDA dataset
1093,"BROMPHENIRAMINE MALEATE, PSEUDOEPHEDRINE HYDROCHLORIDE AND DEXTROMETHORPHAN HYDROBROMIDE",2,FDA dataset
1473,COBICISTAT; DARUNAVIR ETHANOLATE; EMTRICITABINE; TENOFOVIR ALAFENAMIDE FUMARATE,2,FDA dataset
359,POLYETHYLENE GLYCOL 3350; POTASSIUM CHLORIDE; SODIUM BICARBONATE; SODIUM CHLORIDE; SODIUM SULFATE ANHYDROUS,2,FDA dataset
1469,"HYDROCODONE BITARTRATE, CHLORPHENIRAMINE MALEATE AND PSEUDOEPHEDRINE HYDROCHLORIDE ",2,FDA dataset
1454,"HYDROCODONE BITARTRATE, CHLORPHENIRAMINE MALEATE AND PSEUDOEPHEDRINE HYDROCHLORIDE",2,FDA dataset
456,"AMINO ACIDS; DEXTROSE; MAGNESIUM CHLORIDE; POTASSIUM PHOSPHATE, DIBASIC; SODIUM ACETATE; SODIUM CHLORIDE",2,FDA dataset
178,"DEXTROSE; MAGNESIUM CHLORIDE; POTASSIUM CHLORIDE; POTASSIUM PHOSPHATE, MONOBASIC; SODIUM CHLORIDE; SODIUM LACTATE",2,FDA dataset
179,"AMINO ACIDS; MAGNESIUM CHLORIDE; POTASSIUM PHOSPHATE, DIBASIC; SODIUM ACETATE; SODIUM CHLORIDE",2,FDA dataset
226,"AMINO ACIDS; MAGNESIUM CHLORIDE; POTASSIUM CHLORIDE; SODIUM CHLORIDE; SODIUM PHOSPHATE, DIBASIC",2,FDA dataset
1504,CALCIUM CHLORIDE; MAGNESIUM CHLORIDE; POTASSIUM CHLORIDE; SODIUM BICARBONATE; SODIUM CHLORIDE; SODIUM PHOSPHATE,2,FDA dataset
1113,"PEG-3350, SODIUM CHLORIDE, SODIUM BICARBONATE, POTASSIUM CHLORIDE AND BISACODYL",2,FDA dataset
364,"DEXTROSE; POTASSIUM CHLORIDE; POTASSIUM PHOSPHATE, MONOBASIC; SODIUM CHLORIDE; SODIUM LACTATE",2,FDA dataset
908,ASCORBIC ACID; POLYETHYLENE GLYCOL 3350; POTASSIUM CHLORIDE; SODIUM ASCORBATE; SODIUM CHLORIDE; SODIUM SULFATE,2,FDA dataset
399,"AMINO ACIDS; CALCIUM CHLORIDE; DEXTROSE; MAGNESIUM CHLORIDE; POTASSIUM CHLORIDE; POTASSIUM PHOSPHATE, DIBASIC; SODIUM CHLORIDE",2,FDA dataset
564,"AMINO ACIDS; CALCIUM CHLORIDE; DEXTROSE; MAGNESIUM CHLORIDE; POTASSIUM PHOSPHATE, DIBASIC; SODIUM ACETATE; SODIUM CHLORIDE",2,FDA dataset
395,INSULIN RECOMBINANT PURIFIED HUMAN; INSULIN SUSP ISOPHANE SEMISYNTHETIC PURIFIED HUMAN,2,FDA dataset
391,"AMINO ACIDS; DEXTROSE; MAGNESIUM CHLORIDE; POTASSIUM CHLORIDE; POTASSIUM PHOSPHATE, DIBASIC; SODIUM CHLORIDE",2,FDA dataset
389,POLYETHYLENE GLYCOL 3350; POTASSIUM CHLORIDE; SODIUM BICARBONATE; SODIUM CHLORIDE; SODIUM SULFATE,2,FDA dataset
388,BROMPHENIRAMINE MALEATE; DEXTROMETHORPHAN HYDROBROMIDE; PSEUDOEPHEDRINE HYDROCHLORIDE,2,FDA dataset
377,"DEXTROSE; MAGNESIUM CHLORIDE; POTASSIUM CHLORIDE; POTASSIUM PHOSPHATE, DIBASIC; SODIUM ACETATE",2,FDA dataset
1133,POLYETHYLENE GLYCOL 3350; SODIUM CHLORIDE; SODIUM BICARBONATE; POTASSIUM CHLORIDE; BISACODYL,2,FDA dataset
368,"AMINO ACIDS; DEXTROSE; MAGNESIUM CHLORIDE; POTASSIUM ACETATE; POTASSIUM CHLORIDE; POTASSIUM PHOSPHATE, DIBASIC; SODIUM CHLORIDE",2,FDA dataset
367,"AMINO ACIDS; DEXTROSE; MAGNESIUM CHLORIDE; POTASSIUM CHLORIDE; SODIUM CHLORIDE; SODIUM PHOSPHATE, DIBASIC, HEPTAHYDRATE",2,FDA dataset
373,"MAGNESIUM CHLORIDE; POTASSIUM CHLORIDE; POTASSIUM PHOSPHATE, MONOBASIC; SODIUM ACETATE; SODIUM CHLORIDE; SODIUM GLUCONATE; SODIUM PHOSPHATE, DIBASIC, HEPTAHYDRATE",1,FDA dataset
584,ASCORBIC ACID; BIOTIN; CHOLECALCIFEROL; CYANOCOBALAMIN; DEXPANTHENOL; FOLIC ACID; NIACINAMIDE; PYRIDOXINE; RIBOFLAVIN; THIAMINE; TOCOPHEROL ACETATE; VITAMIN A; VITAMIN K,1,FDA dataset
356,ASCORBIC ACID; BIOTIN; CYANOCOBALAMIN; DEXPANTHENOL; ERGOCALCIFEROL; FOLIC ACID; NIACINAMIDE; PYRIDOXINE; RIBOFLAVIN 5'-PHOSPHATE SODIUM; THIAMINE; VITAMIN A; VITAMIN E,1,FDA dataset
281,CALCIUM CHLORIDE; DEXTROSE; GLUTATHIONE DISULFIDE; MAGNESIUM CHLORIDE; POTASSIUM CHLORIDE; SODIUM BICARBONATE; SODIUM CHLORIDE; SODIUM PHOSPHATE,1,FDA dataset
415,"DEXTROSE; MAGNESIUM CHLORIDE; POTASSIUM CHLORIDE; POTASSIUM PHOSPHATE, MONOBASIC; SODIUM LACTATE; SODIUM PHOSPHATE, MONOBASIC ANHYDROUS",1,FDA dataset
1043,CALCIUM CHLORIDE; DEXTROSE; MAGNESIUM CHLORIDE; OXIGLUTATIONE; POTASSIUM CHLORIDE; SODIUM BICARBONATE; SODIUM CHLORIDE; SODIUM PHOSPHATE,1,FDA dataset
522,"CALCIUM CHLORIDE; DEXTROSE; MAGNESIUM SULFATE; POTASSIUM CHLORIDE; SODIUM BICARBONATE; SODIUM CHLORIDE; SODIUM PHOSPHATE, DIBASIC, HEPTAHYDRATE",1,FDA dataset
52,ASCORBIC ACID; BIOTIN; CYANOCOBALAMIN; DEXPANTHENOL; ERGOCALCIFEROL; FOLIC ACID; NIACINAMIDE; PYRIDOXINE HYDROCHLORIDE; RIBOFLAVIN 5'-PHOSPHATE SODIUM; THIAMINE HYDROCHLORIDE; VITAMIN A; VITAMIN E,1,FDA dataset
418,"DEXTROSE; MAGNESIUM CHLORIDE; POTASSIUM CHLORIDE; POTASSIUM PHOSPHATE, DIBASIC; SODIUM CHLORIDE; SODIUM LACTATE; SODIUM PHOSPHATE, MONOBASIC ANHYDROUS",1,FDA dataset
53,ASCORBIC ACID; BIOTIN; CYANOCOBALAMIN; DEXPANTHENOL; ERGOCALCIFEROL; FOLIC ACID; NIACINAMIDE; PYRIDOXINE HYDROCHLORIDE; RIBOFLAVIN; THIAMINE HYDROCHLORIDE; VITAMIN A; VITAMIN E,1,FDA dataset
457,ASCORBIC ACID; BIOTIN; CYANOCOBALAMIN; ERGOCALCIFEROL; FOLIC ACID; NIACINAMIDE; PANTOTHENIC ACID; PHYTONADIONE; PYRIDOXINE; RIBOFLAVIN; THIAMINE; VITAMIN A PALMITATE; VITAMIN E,1,FDA dataset
1232,MAGNESIUM SULFATE; POLYETHYLENE GLYCOL 3350; POTASSIUM CHLORIDE; POTASSIUM SULFATE; SODIUM BICARBONATE; SODIUM CHLORIDE; SODIUM SULFATE,1,FDA dataset
